universe_id,E,I,X,stable,lockin,stable_epoch,lock_epoch,age_Gyr,vacuum_energy,quantum_correction,entanglement_entropy,information_bound,causal_scale,entanglement_density,error_correction_threshold,holographic_entropy,topological_defects,magnetic_field_strength,string_tension,string_density,wall_energy_density,wall_probability,pbh_mass_fraction
0,0.766,0.0,15.32,1,1,7,130,305391684.58036417,0.7277,0.0,0.0,0.0066928509242848554,101.32000000000001,0.0,0.07500000000000001,32250.780907485256,False,1.033e-09,1.0264e-06,0.1,1.0198e-12,0.05,1.0132e-06
1,0.757262458286626,0.0,15.145249165732519,1,1,4,122,305391684.58036417,0.7193993353722946,0.0,0.0,0.0066928509242848554,101.14524916573254,0.0,0.07500000000000001,32139.628308280546,False,1.0286312291433131e-09,1.0229049833146505e-06,0.1,1.0171787374859878e-12,0.05,1.0114524916573252e-06
2,0.766,0.0,15.32,1,1,14,164,305391684.58036417,0.7277,0.0,0.0,0.0066928509242848554,101.32000000000001,0.0,0.07500000000000001,32250.780907485256,False,1.033e-09,1.0264e-06,0.1,1.0198e-12,0.05,1.0132e-06
3,0.72,0.0,14.399999999999999,1,1,14,129,305391684.58036417,0.6839999999999999,0.0,0.0,0.0066928509242848554,100.4,0.0,0.07500000000000001,31667.756603009693,False,1.01e-09,1.008e-06,0.1,1.006e-12,0.05,1.004e-06
4,0.766,0.0,15.32,1,1,14,122,305391684.58036417,0.7277,0.0,0.0,0.0066928509242848554,101.32000000000001,0.0,0.07500000000000001,32250.780907485256,False,1.033e-09,1.0264e-06,0.1,1.0198e-12,0.05,1.0132e-06
5,0.748213181796767,0.0,14.964263635935339,1,1,4,122,305391684.58036417,0.7108025227069286,0.0,0.0,0.0066928509242848554,100.96426363593534,0.0,0.07500000000000001,32024.712313398933,False,1.0241065908983835e-09,1.0192852727187067e-06,0.1,1.0144639545390302e-12,0.05,1.0096426363593532e-06
6,0.766,0.0,15.32,1,1,34,122,305391684.58036417,0.7277,0.0,0.0,0.0066928509242848554,101.32000000000001,0.0,0.07500000000000001,32250.780907485256,False,1.033e-09,1.0264e-06,0.1,1.0198e-12,0.05,1.0132e-06
7,0.7594846345835349,0.0,15.189692691670697,1,1,4,122,305391684.58036417,0.7215104028543581,0.0,0.0,0.0066928509242848554,101.1896926916707,0.0,0.07500000000000001,32167.87901184633,False,1.0297423172917675e-09,1.0237938538334138e-06,0.1,1.0178453903750604e-12,0.05,1.011896926916707e-06
8,0.72,0.0,14.399999999999999,1,1,6,138,305391684.58036417,0.6839999999999999,0.0,0.0,0.0066928509242848554,100.4,0.0,0.07500000000000001,31667.756603009693,False,1.01e-09,1.008e-06,0.1,1.006e-12,0.05,1.004e-06
9,0.766,0.0,15.32,1,1,86,122,305391684.58036417,0.7277,0.0,0.0,0.0066928509242848554,101.32000000000001,0.0,0.07500000000000001,32250.780907485256,False,1.033e-09,1.0264e-06,0.1,1.0198e-12,0.05,1.0132e-06
10,0.7517674713026505,0.0,15.03534942605301,1,1,4,122,305391684.58036417,0.714179097737518,0.0,0.0,0.0066928509242848554,101.03534942605302,0.0,0.07500000000000001,32069.823391380614,False,1.0258837356513253e-09,1.0207069885210601e-06,0.1,1.0155302413907952e-12,0.05,1.0103534942605301e-06
11,0.72,0.0,14.399999999999999,1,1,32,125,305391684.58036417,0.6839999999999999,0.0,0.0,0.0066928509242848554,100.4,0.0,0.07500000000000001,31667.756603009693,False,1.01e-09,1.008e-06,0.1,1.006e-12,0.05,1.004e-06
12,0.766,0.0,15.32,1,1,127,139,305391684.58036417,0.7277,0.0,0.0,0.0066928509242848554,101.32000000000001,0.0,0.07500000000000001,32250.780907485256,False,1.033e-09,1.0264e-06,0.1,1.0198e-12,0.05,1.0132e-06
13,0.738901288183181,0.0,14.77802576366362,1,1,6,122,305391684.58036417,0.7019562237740219,0.0,0.0,0.0066928509242848554,100.77802576366362,0.0,0.07500000000000001,31906.67622229458,False,1.0194506440915906e-09,1.0155605152732724e-06,0.1,1.0116703864549543e-12,0.05,1.007780257636636e-06
14,0.7633348059405615,0.0,15.266696118811229,1,1,8,122,305391684.58036417,0.7251680656435333,0.0,0.0,0.0066928509242848554,101.26669611881123,0.0,0.07500000000000001,32216.855925418848,False,1.0316674029702809e-09,1.0253339223762245e-06,0.1,1.0190004417821685e-12,0.05,1.0126669611881122e-06
15,0.7331197169787103,0.0,14.662394339574206,1,1,4,122,305391684.58036417,0.6964637311297747,0.0,0.0,0.0066928509242848554,100.6623943395742,0.0,0.07500000000000001,31833.499598957602,False,1.0165598584893553e-09,1.013247886791484e-06,0.1,1.0099359150936132e-12,0.05,1.006623943395742e-06
16,0.766,0.0,15.32,1,1,41,122,305391684.58036417,0.7277,0.0,0.0,0.0066928509242848554,101.32000000000001,0.0,0.07500000000000001,32250.780907485256,False,1.033e-09,1.0264e-06,0.1,1.0198e-12,0.05,1.0132e-06
17,0.7230238885926895,0.0,14.46047777185379,1,1,13,122,305391684.58036417,0.686872694163055,0.0,0.0,0.0066928509242848554,100.46047777185379,0.0,0.07500000000000001,31705.919395547386,False,1.0115119442963448e-09,1.0092095554370758e-06,0.1,1.006907166577807e-12,0.05,1.0046047777185378e-06
18,0.72,0.0,14.399999999999999,1,1,80,122,305391684.58036417,0.6839999999999999,0.0,0.0,0.0066928509242848554,100.4,0.0,0.07500000000000001,31667.756603009693,False,1.01e-09,1.008e-06,0.1,1.006e-12,0.05,1.004e-06
19,0.766,0.0,15.32,1,1,8,122,305391684.58036417,0.7277,0.0,0.0,0.0066928509242848554,101.32000000000001,0.0,0.07500000000000001,32250.780907485256,False,1.033e-09,1.0264e-06,0.1,1.0198e-12,0.05,1.0132e-06
20,0.766,0.0,15.32,1,1,25,122,305391684.58036417,0.7277,0.0,0.0,0.0066928509242848554,101.32000000000001,0.0,0.07500000000000001,32250.780907485256,False,1.033e-09,1.0264e-06,0.1,1.0198e-12,0.05,1.0132e-06
21,0.766,0.0,15.32,1,1,16,233,305391684.58036417,0.7277,0.0,0.0,0.0066928509242848554,101.32000000000001,0.0,0.07500000000000001,32250.780907485256,False,1.033e-09,1.0264e-06,0.1,1.0198e-12,0.05,1.0132e-06
22,0.72,0.0,14.399999999999999,1,1,8,122,305391684.58036417,0.6839999999999999,0.0,0.0,0.0066928509242848554,100.4,0.0,0.07500000000000001,31667.756603009693,False,1.01e-09,1.008e-06,0.1,1.006e-12,0.05,1.004e-06
23,0.766,0.0,15.32,1,1,12,122,305391684.58036417,0.7277,0.0,0.0,0.0066928509242848554,101.32000000000001,0.0,0.07500000000000001,32250.780907485256,True,1.033e-09,1.0264e-06,0.1,1.0198e-12,0.05,1.0132e-06
24,0.7546796862690465,0.0,15.093593725380929,1,1,4,122,305391684.58036417,0.7169457019555942,0.0,0.0,0.0066928509242848554,101.09359372538094,0.0,0.07500000000000001,32106.808917682967,False,1.0273398431345234e-09,1.0218718745076185e-06,0.1,1.016403905880714e-12,0.05,1.0109359372538093e-06
25,0.766,0.0,15.32,1,1,15,122,305391684.58036417,0.7277,0.0,0.0,0.0066928509242848554,101.32000000000001,0.0,0.07500000000000001,32250.780907485256,False,1.033e-09,1.0264e-06,0.1,1.0198e-12,0.05,1.0132e-06
26,0.7399821986884026,0.0,14.799643973768053,1,1,4,122,305391684.58036417,0.7029830887539825,0.0,0.0,0.0066928509242848554,100.79964397376806,0.0,0.07500000000000001,31920.36649270682,False,1.0199910993442015e-09,1.015992879475361e-06,0.1,1.0119946596065207e-12,0.05,1.0079964397376806e-06
27,0.766,0.0,15.32,1,1,6,122,305391684.58036417,0.7277,0.0,0.0,0.0066928509242848554,101.32000000000001,0.0,0.07500000000000001,32250.780907485256,True,1.033e-09,1.0264e-06,0.1,1.0198e-12,0.05,1.0132e-06
28,0.72,0.0,14.399999999999999,1,1,29,124,305391684.58036417,0.6839999999999999,0.0,0.0,0.0066928509242848554,100.4,0.0,0.07500000000000001,31667.756603009693,False,1.01e-09,1.008e-06,0.1,1.006e-12,0.05,1.004e-06
29,0.72,0.0,14.399999999999999,1,1,8,127,305391684.58036417,0.6839999999999999,0.0,0.0,0.0066928509242848554,100.4,0.0,0.07500000000000001,31667.756603009693,False,1.01e-09,1.008e-06,0.1,1.006e-12,0.05,1.004e-06
30,0.7600370294128892,0.0,15.200740588257784,1,1,45,122,305391684.58036417,0.7220351779422447,0.0,0.0,0.0066928509242848554,101.20074058825779,0.0,0.07500000000000001,32174.903577133635,False,1.0300185147064448e-09,1.0240148117651557e-06,0.1,1.0180111088238668e-12,0.05,1.012007405882578e-06
31,0.72,0.0,14.399999999999999,1,1,385,397,305391684.58036417,0.6839999999999999,0.0,0.0,0.0066928509242848554,100.4,0.0,0.07500000000000001,31667.756603009693,False,1.01e-09,1.008e-06,0.1,1.006e-12,0.05,1.004e-06
32,0.7508507079715654,0.0,15.017014159431309,1,1,4,122,305391684.58036417,0.7133081725729871,0.0,0.0,0.0066928509242848554,101.01701415943131,0.0,0.07500000000000001,32058.18478347465,False,1.0254253539857828e-09,1.020340283188626e-06,0.1,1.0152552123914694e-12,0.05,1.0101701415943131e-06
33,0.733991753889426,0.0,14.67983507778852,1,1,4,122,305391684.58036417,0.6972921661949546,0.0,0.0,0.0066928509242848554,100.67983507778852,0.0,0.07500000000000001,31844.531480991984,True,1.016995876944713e-09,1.0135967015557702e-06,0.1,1.0101975261668278e-12,0.05,1.0067983507778852e-06
34,0.7608499395124712,0.0,15.216998790249423,1,1,10,122,305391684.58036417,0.7228074425368476,0.0,0.0,0.0066928509242848554,101.21699879024942,0.0,0.07500000000000001,32185.242396744175,True,1.0304249697562355e-09,1.0243399758049885e-06,0.1,1.0182549818537414e-12,0.05,1.012169987902494e-06
35,0.766,0.0,15.32,1,1,5,122,305391684.58036417,0.7277,0.0,0.0,0.0066928509242848554,101.32000000000001,0.0,0.07500000000000001,32250.780907485256,False,1.033e-09,1.0264e-06,0.1,1.0198e-12,0.05,1.0132e-06
36,0.766,0.0,15.32,1,1,25,122,305391684.58036417,0.7277,0.0,0.0,0.0066928509242848554,101.32000000000001,0.0,0.07500000000000001,32250.780907485256,False,1.033e-09,1.0264e-06,0.1,1.0198e-12,0.05,1.0132e-06
37,0.7433679448761661,0.0,14.86735889752332,1,1,4,122,305391684.58036417,0.7061995476323577,0.0,0.0,0.0066928509242848554,100.86735889752332,0.0,0.07500000000000001,31963.267660141806,False,1.021683972438083e-09,1.0173471779504664e-06,0.1,1.0130103834628499e-12,0.05,1.0086735889752332e-06
38,0.766,0.0,15.32,1,1,5,122,305391684.58036417,0.7277,0.0,0.0,0.0066928509242848554,101.32000000000001,0.0,0.07500000000000001,32250.780907485256,False,1.033e-09,1.0264e-06,0.1,1.0198e-12,0.05,1.0132e-06
39,0.7343727696263513,0.0,14.687455392527028,1,1,5,122,305391684.58036417,0.6976541311450337,0.0,0.0,0.0066928509242848554,100.68745539252704,0.0,0.07500000000000001,31849.35219878313,False,1.0171863848131757e-09,1.0137491078505404e-06,0.1,1.0103118308879053e-12,0.05,1.0068745539252704e-06
40,0.7270540730994755,0.0,14.54108146198951,1,1,4,122,305391684.58036417,0.6907013694445017,0.0,0.0,0.0066928509242848554,100.5410814619895,0.0,0.07500000000000001,31756.817806500057,False,1.0135270365497378e-09,1.0108216292397903e-06,0.1,1.0081162219298428e-12,0.05,1.005410814619895e-06
41,0.7589319178421511,0.0,15.178638356843022,1,1,4,122,305391684.58036417,0.7209853219500435,0.0,0.0,0.0066928509242848554,101.17863835684302,0.0,0.07500000000000001,32160.85112051456,False,1.0294659589210756e-09,1.0235727671368604e-06,0.1,1.0176795753526452e-12,0.05,1.01178638356843e-06
42,0.766,0.0,15.32,1,1,10,122,305391684.58036417,0.7277,0.0,0.0,0.0066928509242848554,101.32000000000001,0.0,0.07500000000000001,32250.780907485256,False,1.033e-09,1.0264e-06,0.1,1.0198e-12,0.05,1.0132e-06
43,0.766,0.0,15.32,1,1,43,125,305391684.58036417,0.7277,0.0,0.0,0.0066928509242848554,101.32000000000001,0.0,0.07500000000000001,32250.780907485256,False,1.033e-09,1.0264e-06,0.1,1.0198e-12,0.05,1.0132e-06
44,0.7507591907044172,0.0,15.015183814088344,1,1,4,122,305391684.58036417,0.7132212311691963,0.0,0.0,0.0066928509242848554,101.01518381408835,0.0,0.07500000000000001,32057.023058034316,False,1.0253795953522087e-09,1.020303676281767e-06,0.1,1.015227757211325e-12,0.05,1.0101518381408833e-06
45,0.7649187073490783,0.0,15.298374146981566,1,1,6,122,305391684.58036417,0.7266727719816244,0.0,0.0,0.0066928509242848554,101.29837414698157,0.0,0.07500000000000001,32237.015091944086,False,1.0324593536745393e-09,1.0259674829396312e-06,0.1,1.0194756122047235e-12,0.05,1.0129837414698156e-06
46,0.72,0.0,14.399999999999999,1,1,7,122,305391684.58036417,0.6839999999999999,0.0,0.0,0.0066928509242848554,100.4,0.0,0.07500000000000001,31667.756603009693,False,1.01e-09,1.008e-06,0.1,1.006e-12,0.05,1.004e-06
47,0.72,0.0,14.399999999999999,1,1,15,130,305391684.58036417,0.6839999999999999,0.0,0.0,0.0066928509242848554,100.4,0.0,0.07500000000000001,31667.756603009693,False,1.01e-09,1.008e-06,0.1,1.006e-12,0.05,1.004e-06
48,0.766,0.0,15.32,1,1,10,122,305391684.58036417,0.7277,0.0,0.0,0.0066928509242848554,101.32000000000001,0.0,0.07500000000000001,32250.780907485256,False,1.033e-09,1.0264e-06,0.1,1.0198e-12,0.05,1.0132e-06
49,0.7622994036676969,0.0,15.245988073353939,1,1,10,122,305391684.58036417,0.724184433484312,0.0,0.0,0.0066928509242848554,101.24598807335394,0.0,0.07500000000000001,32203.681210928495,False,1.0311497018338485e-09,1.0249197614670789e-06,0.1,1.018689821100309e-12,0.05,1.0124598807335394e-06
50,0.766,0.0,15.32,1,1,5,122,305391684.58036417,0.7277,0.0,0.0,0.0066928509242848554,101.32000000000001,0.0,0.07500000000000001,32250.780907485256,False,1.033e-09,1.0264e-06,0.1,1.0198e-12,0.05,1.0132e-06
51,0.7554216138808396,0.0,15.108432277616792,1,1,4,122,305391684.58036417,0.7176505331867976,0.0,0.0,0.0066928509242848554,101.10843227761679,0.0,0.07500000000000001,32116.234906178044,False,1.0277108069404199e-09,1.0221686455523358e-06,0.1,1.0166264841642519e-12,0.05,1.0110843227761679e-06
52,0.766,0.0,15.32,1,1,12,143,305391684.58036417,0.7277,0.0,0.0,0.0066928509242848554,101.32000000000001,0.0,0.07500000000000001,32250.780907485256,False,1.033e-09,1.0264e-06,0.1,1.0198e-12,0.05,1.0132e-06
53,0.766,0.0,15.32,1,1,28,122,305391684.58036417,0.7277,0.0,0.0,0.0066928509242848554,101.32000000000001,0.0,0.07500000000000001,32250.780907485256,False,1.033e-09,1.0264e-06,0.1,1.0198e-12,0.05,1.0132e-06
54,0.72,0.0,14.399999999999999,1,1,4,122,305391684.58036417,0.6839999999999999,0.0,0.0,0.0066928509242848554,100.4,0.0,0.07500000000000001,31667.756603009693,False,1.01e-09,1.008e-06,0.1,1.006e-12,0.05,1.004e-06
55,0.7230130664008954,0.0,14.460261328017907,1,1,4,122,305391684.58036417,0.6868624130808506,0.0,0.0,0.0066928509242848554,100.4602613280179,0.0,0.07500000000000001,31705.78277379177,False,1.0115065332004476e-09,1.0092052265603582e-06,0.1,1.0069039199202686e-12,0.05,1.004602613280179e-06
56,0.766,0.0,15.32,1,1,65,153,305391684.58036417,0.7277,0.0,0.0,0.0066928509242848554,101.32000000000001,0.0,0.07500000000000001,32250.780907485256,False,1.033e-09,1.0264e-06,0.1,1.0198e-12,0.05,1.0132e-06
57,0.7470023153617259,0.0,14.940046307234518,1,1,4,122,305391684.58036417,0.7096521995936396,0.0,0.0,0.0066928509242848554,100.94004630723452,0.0,0.07500000000000001,32009.35123524134,False,1.0235011576808631e-09,1.0188009261446904e-06,0.1,1.0141006946085178e-12,0.05,1.0094004630723452e-06
58,0.766,0.0,15.32,1,1,5,212,305391684.58036417,0.7277,0.0,0.0,0.0066928509242848554,101.32000000000001,0.0,0.07500000000000001,32250.780907485256,False,1.033e-09,1.0264e-06,0.1,1.0198e-12,0.05,1.0132e-06
59,0.7353080663878997,0.0,14.706161327757993,1,1,4,122,305391684.58036417,0.6985426630685047,0.0,0.0,0.0066928509242848554,100.706161327758,0.0,0.07500000000000001,31861.18738240078,False,1.01765403319395e-09,1.0141232265551597e-06,0.1,1.0105924199163697e-12,0.05,1.00706161327758e-06
60,0.725152323849715,0.0,14.5030464769943,1,1,4,122,305391684.58036417,0.6888947076572292,0.0,0.0,0.0066928509242848554,100.50304647699431,0.0,0.07500000000000001,31732.794957316175,False,1.0125761619248574e-09,1.0100609295398858e-06,0.1,1.0075456971549145e-12,0.05,1.005030464769943e-06
61,0.766,0.0,15.32,1,1,85,122,305391684.58036417,0.7277,0.0,0.0,0.0066928509242848554,101.32000000000001,0.0,0.07500000000000001,32250.780907485256,False,1.033e-09,1.0264e-06,0.1,1.0198e-12,0.05,1.0132e-06
62,0.7357479680215423,0.0,14.714959360430846,1,1,4,122,305391684.58036417,0.6989605696204652,0.0,0.0,0.0066928509242848554,100.71495936043084,0.0,0.07500000000000001,31866.754628904055,False,1.0178739840107712e-09,1.014299187208617e-06,0.1,1.0107243904064627e-12,0.05,1.0071495936043083e-06
63,0.766,0.0,15.32,1,1,4,122,305391684.58036417,0.7277,0.0,0.0,0.0066928509242848554,101.32000000000001,0.0,0.07500000000000001,32250.780907485256,False,1.033e-09,1.0264e-06,0.1,1.0198e-12,0.05,1.0132e-06
64,0.766,0.0,15.32,1,1,55,365,305391684.58036417,0.7277,0.0,0.0,0.0066928509242848554,101.32000000000001,0.0,0.07500000000000001,32250.780907485256,False,1.033e-09,1.0264e-06,0.1,1.0198e-12,0.05,1.0132e-06
65,0.766,0.0,15.32,1,1,4,122,305391684.58036417,0.7277,0.0,0.0,0.0066928509242848554,101.32000000000001,0.0,0.07500000000000001,32250.780907485256,False,1.033e-09,1.0264e-06,0.1,1.0198e-12,0.05,1.0132e-06
66,0.72,0.0,14.399999999999999,1,1,8,122,305391684.58036417,0.6839999999999999,0.0,0.0,0.0066928509242848554,100.4,0.0,0.07500000000000001,31667.756603009693,True,1.01e-09,1.008e-06,0.1,1.006e-12,0.05,1.004e-06
67,0.72,0.0,14.399999999999999,1,1,4,181,305391684.58036417,0.6839999999999999,0.0,0.0,0.0066928509242848554,100.4,0.0,0.07500000000000001,31667.756603009693,False,1.01e-09,1.008e-06,0.1,1.006e-12,0.05,1.004e-06
68,0.766,0.0,15.32,1,1,6,122,305391684.58036417,0.7277,0.0,0.0,0.0066928509242848554,101.32000000000001,0.0,0.07500000000000001,32250.780907485256,False,1.033e-09,1.0264e-06,0.1,1.0198e-12,0.05,1.0132e-06
69,0.7469349257869844,0.0,14.938698515739688,1,1,4,122,305391684.58036417,0.7095881794976352,0.0,0.0,0.0066928509242848554,100.93869851573969,0.0,0.07500000000000001,32008.496437865982,False,1.023467462893492e-09,1.0187739703147938e-06,0.1,1.0140804777360955e-12,0.05,1.0093869851573969e-06
70,0.7546144901829629,0.0,15.092289803659257,1,1,8,122,305391684.58036417,0.7168837656738147,0.0,0.0,0.0066928509242848554,101.09228980365926,0.0,0.07500000000000001,32105.980685269224,False,1.0273072450914815e-09,1.0218457960731851e-06,0.1,1.0163843470548887e-12,0.05,1.0109228980365924e-06
71,0.7231859180084173,0.0,14.463718360168345,1,1,13,122,305391684.58036417,0.6870266221079964,0.0,0.0,0.0066928509242848554,100.46371836016834,0.0,0.07500000000000001,31707.96492611479,False,1.0115929590042087e-09,1.0092743672033668e-06,0.1,1.0069557754025251e-12,0.05,1.0046371836016833e-06
72,0.72,0.0,14.399999999999999,1,1,6,122,305391684.58036417,0.6839999999999999,0.0,0.0,0.0066928509242848554,100.4,0.0,0.07500000000000001,31667.756603009693,False,1.01e-09,1.008e-06,0.1,1.006e-12,0.05,1.004e-06
73,0.766,0.0,15.32,1,1,9,122,305391684.58036417,0.7277,0.0,0.0,0.0066928509242848554,101.32000000000001,0.0,0.07500000000000001,32250.780907485256,False,1.033e-09,1.0264e-06,0.1,1.0198e-12,0.05,1.0132e-06
74,0.766,0.0,15.32,1,1,8,122,305391684.58036417,0.7277,0.0,0.0,0.0066928509242848554,101.32000000000001,0.0,0.07500000000000001,32250.780907485256,False,1.033e-09,1.0264e-06,0.1,1.0198e-12,0.05,1.0132e-06
75,0.7419845782097336,0.0,14.839691564194673,1,1,4,122,305391684.58036417,0.704885349299247,0.0,0.0,0.0066928509242848554,100.83969156419468,0.0,0.07500000000000001,31945.735385958407,False,1.020992289104867e-09,1.0167938312838936e-06,0.1,1.01259537346292e-12,0.05,1.0083969156419467e-06
76,0.7490031920730789,0.0,14.980063841461577,1,1,4,122,305391684.58036417,0.7115530324694249,0.0,0.0,0.0066928509242848554,100.98006384146159,0.0,0.07500000000000001,32034.736387477362,False,1.0245015960365397e-09,1.0196012768292314e-06,0.1,1.0147009576219237e-12,0.05,1.0098006384146159e-06
77,0.72,0.0,14.399999999999999,1,1,5,126,305391684.58036417,0.6839999999999999,0.0,0.0,0.0066928509242848554,100.4,0.0,0.07500000000000001,31667.756603009693,False,1.01e-09,1.008e-06,0.1,1.006e-12,0.05,1.004e-06
78,0.7634705071514545,0.0,15.26941014302909,1,1,9,122,305391684.58036417,0.7252969817938817,0.0,0.0,0.0066928509242848554,101.26941014302908,0.0,0.07500000000000001,32218.582820879037,False,1.0317352535757274e-09,1.0253882028605818e-06,0.1,1.0190411521454362e-12,0.05,1.0126941014302908e-06
79,0.766,0.0,15.32,1,1,12,122,305391684.58036417,0.7277,0.0,0.0,0.0066928509242848554,101.32000000000001,0.0,0.07500000000000001,32250.780907485256,False,1.033e-09,1.0264e-06,0.1,1.0198e-12,0.05,1.0132e-06
80,0.7443267038695107,0.0,14.886534077390214,1,1,4,122,305391684.58036417,0.7071103686760352,0.0,0.0,0.0066928509242848554,100.88653407739021,0.0,0.07500000000000001,31975.421436554538,False,1.0221633519347555e-09,1.0177306815478042e-06,0.1,1.0132980111608532e-12,0.05,1.008865340773902e-06
81,0.766,0.0,15.32,1,1,7,122,305391684.58036417,0.7277,0.0,0.0,0.0066928509242848554,101.32000000000001,0.0,0.07500000000000001,32250.780907485256,False,1.033e-09,1.0264e-06,0.1,1.0198e-12,0.05,1.0132e-06
82,0.72,0.0,14.399999999999999,1,1,6,122,305391684.58036417,0.6839999999999999,0.0,0.0,0.0066928509242848554,100.4,0.0,0.07500000000000001,31667.756603009693,False,1.01e-09,1.008e-06,0.1,1.006e-12,0.05,1.004e-06
83,0.766,0.0,15.32,1,1,21,122,305391684.58036417,0.7277,0.0,0.0,0.0066928509242848554,101.32000000000001,0.0,0.07500000000000001,32250.780907485256,False,1.033e-09,1.0264e-06,0.1,1.0198e-12,0.05,1.0132e-06
84,0.766,0.0,15.32,1,1,84,122,305391684.58036417,0.7277,0.0,0.0,0.0066928509242848554,101.32000000000001,0.0,0.07500000000000001,32250.780907485256,False,1.033e-09,1.0264e-06,0.1,1.0198e-12,0.05,1.0132e-06
85,0.766,0.0,15.32,1,1,37,122,305391684.58036417,0.7277,0.0,0.0,0.0066928509242848554,101.32000000000001,0.0,0.07500000000000001,32250.780907485256,False,1.033e-09,1.0264e-06,0.1,1.0198e-12,0.05,1.0132e-06
86,0.72,0.0,14.399999999999999,1,1,6,175,305391684.58036417,0.6839999999999999,0.0,0.0,0.0066928509242848554,100.4,0.0,0.07500000000000001,31667.756603009693,True,1.01e-09,1.008e-06,0.1,1.006e-12,0.05,1.004e-06
87,0.7259237494040672,0.0,14.518474988081344,1,1,4,122,305391684.58036417,0.6896275619338639,0.0,0.0,0.0066928509242848554,100.51847498808135,0.0,0.07500000000000001,31742.53848997814,False,1.0129618747020338e-09,1.0103694997616267e-06,0.1,1.00777712482122e-12,0.05,1.0051847498808134e-06
88,0.766,0.0,15.32,1,1,4,122,305391684.58036417,0.7277,0.0,0.0,0.0066928509242848554,101.32000000000001,0.0,0.07500000000000001,32250.780907485256,False,1.033e-09,1.0264e-06,0.1,1.0198e-12,0.05,1.0132e-06
89,0.72,0.0,14.399999999999999,1,1,48,169,305391684.58036417,0.6839999999999999,0.0,0.0,0.0066928509242848554,100.4,0.0,0.07500000000000001,31667.756603009693,False,1.01e-09,1.008e-06,0.1,1.006e-12,0.05,1.004e-06
90,0.766,0.0,15.32,1,1,11,122,305391684.58036417,0.7277,0.0,0.0,0.0066928509242848554,101.32000000000001,0.0,0.07500000000000001,32250.780907485256,False,1.033e-09,1.0264e-06,0.1,1.0198e-12,0.05,1.0132e-06
91,0.72,0.0,14.399999999999999,1,1,12,122,305391684.58036417,0.6839999999999999,0.0,0.0,0.0066928509242848554,100.4,0.0,0.07500000000000001,31667.756603009693,False,1.01e-09,1.008e-06,0.1,1.006e-12,0.05,1.004e-06
92,0.766,0.0,15.32,1,1,41,193,305391684.58036417,0.7277,0.0,0.0,0.0066928509242848554,101.32000000000001,0.0,0.07500000000000001,32250.780907485256,False,1.033e-09,1.0264e-06,0.1,1.0198e-12,0.05,1.0132e-06
93,0.72,0.0,14.399999999999999,1,1,8,162,305391684.58036417,0.6839999999999999,0.0,0.0,0.0066928509242848554,100.4,0.0,0.07500000000000001,31667.756603009693,False,1.01e-09,1.008e-06,0.1,1.006e-12,0.05,1.004e-06
94,0.72,0.0,14.399999999999999,1,1,86,331,305391684.58036417,0.6839999999999999,0.0,0.0,0.0066928509242848554,100.4,0.0,0.07500000000000001,31667.756603009693,True,1.01e-09,1.008e-06,0.1,1.006e-12,0.05,1.004e-06
95,0.766,0.0,15.32,1,1,154,169,305391684.58036417,0.7277,0.0,0.0,0.0066928509242848554,101.32000000000001,0.0,0.07500000000000001,32250.780907485256,False,1.033e-09,1.0264e-06,0.1,1.0198e-12,0.05,1.0132e-06
96,0.766,0.0,15.32,1,1,6,122,305391684.58036417,0.7277,0.0,0.0,0.0066928509242848554,101.32000000000001,0.0,0.07500000000000001,32250.780907485256,False,1.033e-09,1.0264e-06,0.1,1.0198e-12,0.05,1.0132e-06
97,0.766,0.0,15.32,1,1,40,122,305391684.58036417,0.7277,0.0,0.0,0.0066928509242848554,101.32000000000001,0.0,0.07500000000000001,32250.780907485256,False,1.033e-09,1.0264e-06,0.1,1.0198e-12,0.05,1.0132e-06
98,0.766,0.0,15.32,1,1,9,143,305391684.58036417,0.7277,0.0,0.0,0.0066928509242848554,101.32000000000001,0.0,0.07500000000000001,32250.780907485256,False,1.033e-09,1.0264e-06,0.1,1.0198e-12,0.05,1.0132e-06
99,0.766,0.0,15.32,1,1,7,122,305391684.58036417,0.7277,0.0,0.0,0.0066928509242848554,101.32000000000001,0.0,0.07500000000000001,32250.780907485256,False,1.033e-09,1.0264e-06,0.1,1.0198e-12,0.05,1.0132e-06
100,0.766,0.0,15.32,1,1,4,122,305391684.58036417,0.7277,0.0,0.0,0.0066928509242848554,101.32000000000001,0.0,0.07500000000000001,32250.780907485256,False,1.033e-09,1.0264e-06,0.1,1.0198e-12,0.05,1.0132e-06
101,0.72,0.0,14.399999999999999,1,1,7,122,305391684.58036417,0.6839999999999999,0.0,0.0,0.0066928509242848554,100.4,0.0,0.07500000000000001,31667.756603009693,False,1.01e-09,1.008e-06,0.1,1.006e-12,0.05,1.004e-06
102,0.7485452937930516,0.0,14.970905875861032,1,1,4,122,305391684.58036417,0.7111180291033989,0.0,0.0,0.0066928509242848554,100.97090587586104,0.0,0.07500000000000001,32028.92613742248,False,1.024272646896526e-09,1.0194181175172205e-06,0.1,1.0145635881379155e-12,0.05,1.0097090587586104e-06
103,0.766,0.0,15.32,1,1,32,348,305391684.58036417,0.7277,0.0,0.0,0.0066928509242848554,101.32000000000001,0.0,0.07500000000000001,32250.780907485256,False,1.033e-09,1.0264e-06,0.1,1.0198e-12,0.05,1.0132e-06
104,0.7438445853276598,0.0,14.876891706553197,1,1,4,122,305391684.58036417,0.7066523560612769,0.0,0.0,0.0066928509242848554,100.87689170655321,0.0,0.07500000000000001,31969.30953787594,False,1.02192229266383e-09,1.017537834131064e-06,0.1,1.0131533755982979e-12,0.05,1.008768917065532e-06
105,0.766,0.0,15.32,1,1,4,125,305391684.58036417,0.7277,0.0,0.0,0.0066928509242848554,101.32000000000001,0.0,0.07500000000000001,32250.780907485256,False,1.033e-09,1.0264e-06,0.1,1.0198e-12,0.05,1.0132e-06
106,0.766,0.0,15.32,1,1,8,122,305391684.58036417,0.7277,0.0,0.0,0.0066928509242848554,101.32000000000001,0.0,0.07500000000000001,32250.780907485256,False,1.033e-09,1.0264e-06,0.1,1.0198e-12,0.05,1.0132e-06
107,0.72,0.0,14.399999999999999,1,1,28,153,305391684.58036417,0.6839999999999999,0.0,0.0,0.0066928509242848554,100.4,0.0,0.07500000000000001,31667.756603009693,False,1.01e-09,1.008e-06,0.1,1.006e-12,0.05,1.004e-06
108,0.766,0.0,15.32,1,1,4,251,305391684.58036417,0.7277,0.0,0.0,0.0066928509242848554,101.32000000000001,0.0,0.07500000000000001,32250.780907485256,False,1.033e-09,1.0264e-06,0.1,1.0198e-12,0.05,1.0132e-06
109,0.7340479312882179,0.0,14.680958625764358,1,1,4,173,305391684.58036417,0.697345534723807,0.0,0.0,0.0066928509242848554,100.68095862576436,0.0,0.07500000000000001,31845.242230239797,False,1.017023965644109e-09,1.0136191725152872e-06,0.1,1.0102143793864654e-12,0.05,1.0068095862576436e-06
110,0.7361096802495278,0.0,14.722193604990556,1,1,4,122,305391684.58036417,0.6993041962370514,0.0,0.0,0.0066928509242848554,100.72219360499055,0.0,0.07500000000000001,31871.332701063347,False,1.0180548401247641e-09,1.0144438720998113e-06,0.1,1.0108329040748582e-12,0.05,1.0072219360499055e-06
111,0.755135692526445,0.0,15.1027138505289,1,1,4,122,305391684.58036417,0.7173789079001227,0.0,0.0,0.0066928509242848554,101.10271385052889,0.0,0.07500000000000001,32112.602189301553,False,1.0275678462632225e-09,1.022054277010578e-06,0.1,1.0165407077579335e-12,0.05,1.011027138505289e-06
112,0.72,0.0,14.399999999999999,1,1,9,122,305391684.58036417,0.6839999999999999,0.0,0.0,0.0066928509242848554,100.4,0.0,0.07500000000000001,31667.756603009693,True,1.01e-09,1.008e-06,0.1,1.006e-12,0.05,1.004e-06
113,0.766,0.0,15.32,1,1,4,133,305391684.58036417,0.7277,0.0,0.0,0.0066928509242848554,101.32000000000001,0.0,0.07500000000000001,32250.780907485256,False,1.033e-09,1.0264e-06,0.1,1.0198e-12,0.05,1.0132e-06
114,0.766,0.0,15.32,1,1,7,207,305391684.58036417,0.7277,0.0,0.0,0.0066928509242848554,101.32000000000001,0.0,0.07500000000000001,32250.780907485256,False,1.033e-09,1.0264e-06,0.1,1.0198e-12,0.05,1.0132e-06
115,0.766,0.0,15.32,1,1,5,122,305391684.58036417,0.7277,0.0,0.0,0.0066928509242848554,101.32000000000001,0.0,0.07500000000000001,32250.780907485256,False,1.033e-09,1.0264e-06,0.1,1.0198e-12,0.05,1.0132e-06
116,0.72,0.0,14.399999999999999,1,1,12,122,305391684.58036417,0.6839999999999999,0.0,0.0,0.0066928509242848554,100.4,0.0,0.07500000000000001,31667.756603009693,False,1.01e-09,1.008e-06,0.1,1.006e-12,0.05,1.004e-06
117,0.72,0.0,14.399999999999999,1,1,47,122,305391684.58036417,0.6839999999999999,0.0,0.0,0.0066928509242848554,100.4,0.0,0.07500000000000001,31667.756603009693,False,1.01e-09,1.008e-06,0.1,1.006e-12,0.05,1.004e-06
118,0.766,0.0,15.32,1,1,4,122,305391684.58036417,0.7277,0.0,0.0,0.0066928509242848554,101.32000000000001,0.0,0.07500000000000001,32250.780907485256,False,1.033e-09,1.0264e-06,0.1,1.0198e-12,0.05,1.0132e-06
119,0.72,0.0,14.399999999999999,1,1,6,122,305391684.58036417,0.6839999999999999,0.0,0.0,0.0066928509242848554,100.4,0.0,0.07500000000000001,31667.756603009693,False,1.01e-09,1.008e-06,0.1,1.006e-12,0.05,1.004e-06
120,0.72,0.0,14.399999999999999,1,1,15,122,305391684.58036417,0.6839999999999999,0.0,0.0,0.0066928509242848554,100.4,0.0,0.07500000000000001,31667.756603009693,True,1.01e-09,1.008e-06,0.1,1.006e-12,0.05,1.004e-06
121,0.72,0.0,14.399999999999999,1,1,16,122,305391684.58036417,0.6839999999999999,0.0,0.0,0.0066928509242848554,100.4,0.0,0.07500000000000001,31667.756603009693,False,1.01e-09,1.008e-06,0.1,1.006e-12,0.05,1.004e-06
122,0.7460825936670036,0.0,14.921651873340071,1,1,4,122,305391684.58036417,0.7087784639836534,0.0,0.0,0.0066928509242848554,100.92165187334008,0.0,0.07500000000000001,31997.686088087037,False,1.023041296833502e-09,1.0184330374668013e-06,0.1,1.013824778100101e-12,0.05,1.0092165187334007e-06
123,0.766,0.0,15.32,1,1,17,307,305391684.58036417,0.7277,0.0,0.0,0.0066928509242848554,101.32000000000001,0.0,0.07500000000000001,32250.780907485256,False,1.033e-09,1.0264e-06,0.1,1.0198e-12,0.05,1.0132e-06
124,0.7639708226103266,0.0,15.279416452206531,1,1,4,122,305391684.58036417,0.7257722814798102,0.0,0.0,0.0066928509242848554,101.27941645220653,0.0,0.07500000000000001,32224.95009462834,False,1.0319854113051635e-09,1.0255883290441305e-06,0.1,1.019191246783098e-12,0.05,1.0127941645220652e-06
125,0.766,0.0,15.32,1,1,28,166,305391684.58036417,0.7277,0.0,0.0,0.0066928509242848554,101.32000000000001,0.0,0.07500000000000001,32250.780907485256,False,1.033e-09,1.0264e-06,0.1,1.0198e-12,0.05,1.0132e-06
126,0.766,0.0,15.32,1,1,9,131,305391684.58036417,0.7277,0.0,0.0,0.0066928509242848554,101.32000000000001,0.0,0.07500000000000001,32250.780907485256,False,1.033e-09,1.0264e-06,0.1,1.0198e-12,0.05,1.0132e-06
127,0.766,0.0,15.32,1,1,8,122,305391684.58036417,0.7277,0.0,0.0,0.0066928509242848554,101.32000000000001,0.0,0.07500000000000001,32250.780907485256,False,1.033e-09,1.0264e-06,0.1,1.0198e-12,0.05,1.0132e-06
128,0.7502768697212898,0.0,15.005537394425797,1,1,4,122,305391684.58036417,0.7127630262352252,0.0,0.0,0.0066928509242848554,101.00553739442579,0.0,0.07500000000000001,32050.90079560422,False,1.025138434860645e-09,1.0201107478885159e-06,0.1,1.015083060916387e-12,0.05,1.0100553739442578e-06
129,0.766,0.0,15.32,1,1,285,297,305391684.58036417,0.7277,0.0,0.0,0.0066928509242848554,101.32000000000001,0.0,0.07500000000000001,32250.780907485256,False,1.033e-09,1.0264e-06,0.1,1.0198e-12,0.05,1.0132e-06
130,0.766,0.0,15.32,1,1,11,122,305391684.58036417,0.7277,0.0,0.0,0.0066928509242848554,101.32000000000001,0.0,0.07500000000000001,32250.780907485256,False,1.033e-09,1.0264e-06,0.1,1.0198e-12,0.05,1.0132e-06
131,0.766,0.0,15.32,1,1,21,258,305391684.58036417,0.7277,0.0,0.0,0.0066928509242848554,101.32000000000001,0.0,0.07500000000000001,32250.780907485256,True,1.033e-09,1.0264e-06,0.1,1.0198e-12,0.05,1.0132e-06
132,0.766,0.0,15.32,1,1,25,122,305391684.58036417,0.7277,0.0,0.0,0.0066928509242848554,101.32000000000001,0.0,0.07500000000000001,32250.780907485256,False,1.033e-09,1.0264e-06,0.1,1.0198e-12,0.05,1.0132e-06
133,0.72,0.0,14.399999999999999,1,1,13,198,305391684.58036417,0.6839999999999999,0.0,0.0,0.0066928509242848554,100.4,0.0,0.07500000000000001,31667.756603009693,False,1.01e-09,1.008e-06,0.1,1.006e-12,0.05,1.004e-06
134,0.766,0.0,15.32,1,1,5,122,305391684.58036417,0.7277,0.0,0.0,0.0066928509242848554,101.32000000000001,0.0,0.07500000000000001,32250.780907485256,False,1.033e-09,1.0264e-06,0.1,1.0198e-12,0.05,1.0132e-06
135,0.72,0.0,14.399999999999999,1,1,11,122,305391684.58036417,0.6839999999999999,0.0,0.0,0.0066928509242848554,100.4,0.0,0.07500000000000001,31667.756603009693,False,1.01e-09,1.008e-06,0.1,1.006e-12,0.05,1.004e-06
136,0.7556386905253323,0.0,15.112773810506646,1,1,6,122,305391684.58036417,0.7178567559990656,0.0,0.0,0.0066928509242848554,101.11277381050665,0.0,0.07500000000000001,32118.993067502488,False,1.0278193452626662e-09,1.022255476210133e-06,0.1,1.0166916071575998e-12,0.05,1.0111277381050664e-06
137,0.766,0.0,15.32,1,1,50,122,305391684.58036417,0.7277,0.0,0.0,0.0066928509242848554,101.32000000000001,0.0,0.07500000000000001,32250.780907485256,False,1.033e-09,1.0264e-06,0.1,1.0198e-12,0.05,1.0132e-06
138,0.7628288757821408,0.0,15.256577515642816,1,1,4,122,305391684.58036417,0.7246874319930336,0.0,0.0,0.0066928509242848554,101.2565775156428,0.0,0.07500000000000001,32210.418008385088,False,1.0314144378910703e-09,1.0251315503128563e-06,0.1,1.0188486627346423e-12,0.05,1.012565775156428e-06
139,0.766,0.0,15.32,1,1,8,122,305391684.58036417,0.7277,0.0,0.0,0.0066928509242848554,101.32000000000001,0.0,0.07500000000000001,32250.780907485256,False,1.033e-09,1.0264e-06,0.1,1.0198e-12,0.05,1.0132e-06
140,0.72,0.0,14.399999999999999,1,1,5,122,305391684.58036417,0.6839999999999999,0.0,0.0,0.0066928509242848554,100.4,0.0,0.07500000000000001,31667.756603009693,False,1.01e-09,1.008e-06,0.1,1.006e-12,0.05,1.004e-06
141,0.72,0.0,14.399999999999999,1,1,18,299,305391684.58036417,0.6839999999999999,0.0,0.0,0.0066928509242848554,100.4,0.0,0.07500000000000001,31667.756603009693,False,1.01e-09,1.008e-06,0.1,1.006e-12,0.05,1.004e-06
142,0.766,0.0,15.32,1,1,75,122,305391684.58036417,0.7277,0.0,0.0,0.0066928509242848554,101.32000000000001,0.0,0.07500000000000001,32250.780907485256,True,1.033e-09,1.0264e-06,0.1,1.0198e-12,0.05,1.0132e-06
143,0.7388681323891582,0.0,14.777362647783164,1,1,4,122,305391684.58036417,0.7019247257697002,0.0,0.0,0.0066928509242848554,100.77736264778316,0.0,0.07500000000000001,31906.256334051555,False,1.0194340661945792e-09,1.0155472529556632e-06,0.1,1.0116604397167475e-12,0.05,1.0077736264778316e-06
144,0.766,0.0,15.32,1,1,4,122,305391684.58036417,0.7277,0.0,0.0,0.0066928509242848554,101.32000000000001,0.0,0.07500000000000001,32250.780907485256,False,1.033e-09,1.0264e-06,0.1,1.0198e-12,0.05,1.0132e-06
145,0.766,0.0,15.32,1,1,87,122,305391684.58036417,0.7277,0.0,0.0,0.0066928509242848554,101.32000000000001,0.0,0.07500000000000001,32250.780907485256,False,1.033e-09,1.0264e-06,0.1,1.0198e-12,0.05,1.0132e-06
146,0.766,0.0,15.32,1,1,12,122,305391684.58036417,0.7277,0.0,0.0,0.0066928509242848554,101.32000000000001,0.0,0.07500000000000001,32250.780907485256,False,1.033e-09,1.0264e-06,0.1,1.0198e-12,0.05,1.0132e-06
147,0.7450328080298226,0.0,14.900656160596453,1,1,4,122,305391684.58036417,0.7077811676283314,0.0,0.0,0.0066928509242848554,100.90065616059644,0.0,0.07500000000000001,31984.37389330873,False,1.0225164040149113e-09,1.018013123211929e-06,0.1,1.0135098424089469e-12,0.05,1.0090065616059644e-06
148,0.766,0.0,15.32,1,1,23,137,305391684.58036417,0.7277,0.0,0.0,0.0066928509242848554,101.32000000000001,0.0,0.07500000000000001,32250.780907485256,False,1.033e-09,1.0264e-06,0.1,1.0198e-12,0.05,1.0132e-06
149,0.766,0.0,15.32,1,1,15,122,305391684.58036417,0.7277,0.0,0.0,0.0066928509242848554,101.32000000000001,0.0,0.07500000000000001,32250.780907485256,True,1.033e-09,1.0264e-06,0.1,1.0198e-12,0.05,1.0132e-06
150,0.766,0.0,15.32,1,1,21,122,305391684.58036417,0.7277,0.0,0.0,0.0066928509242848554,101.32000000000001,0.0,0.07500000000000001,32250.780907485256,False,1.033e-09,1.0264e-06,0.1,1.0198e-12,0.05,1.0132e-06
151,0.7534169372702401,0.0,15.068338745404802,1,1,7,122,305391684.58036417,0.715746090406728,0.0,0.0,0.0066928509242848554,101.0683387454048,0.0,0.07500000000000001,32090.769216190503,False,1.02670846863512e-09,1.021366774908096e-06,0.1,1.016025081181072e-12,0.05,1.0106833874540479e-06
152,0.766,0.0,15.32,1,1,4,122,305391684.58036417,0.7277,0.0,0.0,0.0066928509242848554,101.32000000000001,0.0,0.07500000000000001,32250.780907485256,False,1.033e-09,1.0264e-06,0.1,1.0198e-12,0.05,1.0132e-06
153,0.72,0.0,14.399999999999999,1,1,5,122,305391684.58036417,0.6839999999999999,0.0,0.0,0.0066928509242848554,100.4,0.0,0.07500000000000001,31667.756603009693,False,1.01e-09,1.008e-06,0.1,1.006e-12,0.05,1.004e-06
154,0.766,0.0,15.32,1,1,42,122,305391684.58036417,0.7277,0.0,0.0,0.0066928509242848554,101.32000000000001,0.0,0.07500000000000001,32250.780907485256,False,1.033e-09,1.0264e-06,0.1,1.0198e-12,0.05,1.0132e-06
155,0.72,0.0,14.399999999999999,1,1,10,122,305391684.58036417,0.6839999999999999,0.0,0.0,0.0066928509242848554,100.4,0.0,0.07500000000000001,31667.756603009693,False,1.01e-09,1.008e-06,0.1,1.006e-12,0.05,1.004e-06
156,0.766,0.0,15.32,1,1,6,122,305391684.58036417,0.7277,0.0,0.0,0.0066928509242848554,101.32000000000001,0.0,0.07500000000000001,32250.780907485256,False,1.033e-09,1.0264e-06,0.1,1.0198e-12,0.05,1.0132e-06
157,0.7389450606207848,0.0,14.778901212415697,1,1,4,122,305391684.58036417,0.7019978075897455,0.0,0.0,0.0066928509242848554,100.7789012124157,0.0,0.07500000000000001,31907.230564989717,False,1.0194725303103924e-09,1.0155780242483138e-06,0.1,1.0116835181862354e-12,0.05,1.007789012124157e-06
158,0.766,0.0,15.32,1,1,10,152,305391684.58036417,0.7277,0.0,0.0,0.0066928509242848554,101.32000000000001,0.0,0.07500000000000001,32250.780907485256,False,1.033e-09,1.0264e-06,0.1,1.0198e-12,0.05,1.0132e-06
159,0.7427644967759777,0.0,14.855289935519554,1,1,4,122,305391684.58036417,0.7056262719371788,0.0,0.0,0.0066928509242848554,100.85528993551955,0.0,0.07500000000000001,31955.619192124515,False,1.021382248387989e-09,1.0171057987103911e-06,0.1,1.0128293490327933e-12,0.05,1.0085528993551955e-06
160,0.72,0.0,14.399999999999999,1,1,24,122,305391684.58036417,0.6839999999999999,0.0,0.0,0.0066928509242848554,100.4,0.0,0.07500000000000001,31667.756603009693,False,1.01e-09,1.008e-06,0.1,1.006e-12,0.05,1.004e-06
161,0.7289172513722134,0.0,14.578345027444268,1,1,6,122,305391684.58036417,0.6924713888036027,0.0,0.0,0.0066928509242848554,100.57834502744427,0.0,0.07500000000000001,31780.362243033476,False,1.0144586256861068e-09,1.0115669005488854e-06,0.1,1.008675175411664e-12,0.05,1.0057834502744428e-06
162,0.721312785558114,0.0,14.426255711162279,1,1,6,122,305391684.58036417,0.6852471462802082,0.0,0.0,0.0066928509242848554,100.42625571116228,0.0,0.07500000000000001,31684.32170636532,False,1.0106563927790571e-09,1.0085251142232457e-06,0.1,1.0063938356674342e-12,0.05,1.0042625571116227e-06
163,0.7233491323576798,0.0,14.466982647153596,1,1,15,122,305391684.58036417,0.6871816757397958,0.0,0.0,0.0066928509242848554,100.46698264715359,0.0,0.07500000000000001,31710.02548251188,False,1.01167456617884e-09,1.009339652943072e-06,0.1,1.0070047397073038e-12,0.05,1.004669826471536e-06
164,0.7574359151477501,0.0,15.148718302955002,1,1,4,122,305391684.58036417,0.7195641193903626,0.0,0.0,0.0066928509242848554,101.148718302955,0.0,0.07500000000000001,32141.833032553615,False,1.0287179575738753e-09,1.0229743660591e-06,0.1,1.017230774544325e-12,0.05,1.01148718302955e-06
165,0.766,0.0,15.32,1,1,52,124,305391684.58036417,0.7277,0.0,0.0,0.0066928509242848554,101.32000000000001,0.0,0.07500000000000001,32250.780907485256,False,1.033e-09,1.0264e-06,0.1,1.0198e-12,0.05,1.0132e-06
166,0.757362551454922,0.0,15.147251029098442,1,1,4,122,305391684.58036417,0.7194944238821759,0.0,0.0,0.0066928509242848554,101.14725102909846,0.0,0.07500000000000001,32140.90053375301,False,1.028681275727461e-09,1.0229450205819688e-06,0.1,1.0172087654364766e-12,0.05,1.0114725102909844e-06
167,0.72,0.0,14.399999999999999,1,1,8,205,305391684.58036417,0.6839999999999999,0.0,0.0,0.0066928509242848554,100.4,0.0,0.07500000000000001,31667.756603009693,False,1.01e-09,1.008e-06,0.1,1.006e-12,0.05,1.004e-06
168,0.7357964847501616,0.0,14.715929695003231,1,1,4,122,305391684.58036417,0.6990066605126535,0.0,0.0,0.0066928509242848554,100.71592969500323,0.0,0.07500000000000001,31867.368670013304,False,1.017898242375081e-09,1.0143185939000646e-06,0.1,1.0107389454250484e-12,0.05,1.0071592969500322e-06
169,0.72,0.0,14.399999999999999,1,1,8,144,305391684.58036417,0.6839999999999999,0.0,0.0,0.0066928509242848554,100.4,0.0,0.07500000000000001,31667.756603009693,False,1.01e-09,1.008e-06,0.1,1.006e-12,0.05,1.004e-06
170,0.7527711115534151,0.0,15.055422231068302,1,1,5,122,305391684.58036417,0.7151325559757443,0.0,0.0,0.0066928509242848554,101.05542223106832,0.0,0.07500000000000001,32082.567352001817,False,1.0263855557767077e-09,1.021108444621366e-06,0.1,1.0158313334660244e-12,0.05,1.010554222310683e-06
171,0.7652530071368393,0.0,15.305060142736785,1,1,5,174,305391684.58036417,0.7269903567799973,0.0,0.0,0.0066928509242848554,101.30506014273679,0.0,0.07500000000000001,32241.27071126491,False,1.0326265035684198e-09,1.0261012028547358e-06,0.1,1.0195759021410516e-12,0.05,1.0130506014273679e-06
172,0.766,0.0,15.32,1,1,14,129,305391684.58036417,0.7277,0.0,0.0,0.0066928509242848554,101.32000000000001,0.0,0.07500000000000001,32250.780907485256,False,1.033e-09,1.0264e-06,0.1,1.0198e-12,0.05,1.0132e-06
173,0.766,0.0,15.32,1,1,51,498,305391684.58036417,0.7277,0.0,0.0,0.0066928509242848554,101.32000000000001,0.0,0.07500000000000001,32250.780907485256,False,1.033e-09,1.0264e-06,0.1,1.0198e-12,0.05,1.0132e-06
174,0.766,0.0,15.32,1,1,5,122,305391684.58036417,0.7277,0.0,0.0,0.0066928509242848554,101.32000000000001,0.0,0.07500000000000001,32250.780907485256,False,1.033e-09,1.0264e-06,0.1,1.0198e-12,0.05,1.0132e-06
