I_parameter,E_parameter,Pearson_r,Spearman_r,Mutual_Information
1.0,569.3816187236906,0.17236351980929948,0.9998065173307596,0.01720305628773415
1.0,493.50588065471675,0.17236351980929948,0.9998065173307596,0.01720305628773415
1.0,433.1015064484982,0.17236351980929948,0.9998065173307596,0.01720305628773415
1.0,384.08629464366567,0.17236351980929948,0.9998065173307596,0.01720305628773415
1.0,343.6654730925014,0.17236351980929948,0.9998065173307596,0.01720305628773415
1.0,309.8680558669308,0.17236351980929948,0.9998065173307596,0.01720305628773415
1.0,281.26836643559807,0.17236351980929948,0.9998065173307596,0.01720305628773415
1.0,256.8123534496109,0.17236351980929948,0.9998065173307596,0.01720305628773415
1.0,235.705695193853,0.17236351980929948,0.9998065173307596,0.01720305628773415
1.0,217.33964906834828,0.17236351980929948,0.9998065173307596,0.01720305628773415
1.0,201.24068163007402,0.17236351980929948,0.9998065173307596,0.01720305628773415
1.0,187.03549407022317,0.17236351980929948,0.9998065173307596,0.01720305628773415
1.0,174.42625803681935,0.17236351980929948,0.9998065173307596,0.01720305628773415
1.0,163.17277061447038,0.17236351980929948,0.9998065173307596,0.01720305628773415
1.0,153.07938994855837,0.17236351980929948,0.9998065173307596,0.01720305628773415
1.0,143.98533237192348,0.17236351980929948,0.9998065173307596,0.01720305628773415
1.0,135.75737112220702,0.17236351980929948,0.9998065173307596,0.01720305628773415
1.0,128.28427598252486,0.17236351980929948,0.9998065173307596,0.01720305628773415
1.0,121.4725318562074,0.17236351980929948,0.9998065173307596,0.01720305628773415
1.0,115.24300847409879,0.17236351980929948,0.9998065173307596,0.01720305628773415
1.0,109.52834550148062,0.17236351980929948,0.9998065173307596,0.01720305628773415
1.0,104.27088140502462,0.17236351980929948,0.9998065173307596,0.01720305628773415
1.0,99.42099966174028,0.17236351980929948,0.9998065173307596,0.01720305628773415
1.0,94.93579819828659,0.17236351980929948,0.9998065173307596,0.01720305628773415
1.0,90.77801129790521,0.17236351980929948,0.9998065173307596,0.01720305628773415
1.0,86.9151302706945,0.17236351980929948,0.9998065173307596,0.01720305628773415
1.0,83.31868177235202,0.17236351980929948,0.9998065173307596,0.01720305628773415
1.0,79.9636320361485,0.17236351980929948,0.9998065173307596,0.01720305628773415
1.0,76.82789233359064,0.17236351980929948,0.9998065173307596,0.01720305628773415
1.0,73.89190632382164,0.17236351980929948,0.9998065173307596,0.01720305628773415
1.0,71.13830403523954,0.17236351980929948,0.9998065173307596,0.01720305628773415
1.0,68.55161036602665,0.17236351980929948,0.9998065173307596,0.01720305628773415
1.0,66.11799842688036,0.17236351980929948,0.9998065173307596,0.01720305628773415
1.0,63.825079950729595,0.17236351980929948,0.9998065173307596,0.01720305628773415
1.0,61.66172648755542,0.17236351980929948,0.9998065173307596,0.01720305628773415
1.0,59.61791628230378,0.17236351980929948,0.9998065173307596,0.01720305628773415
1.0,57.684602671431534,0.17236351980929948,0.9998065173307596,0.01720305628773415
1.0,55.85360058270673,0.17236351980929948,0.9998065173307596,0.01720305628773415
1.0,54.117488324493685,0.17236351980929948,0.9998065173307596,0.01720305628773415
1.0,52.46952233633293,0.17236351980929948,0.9998065173307596,0.01720305628773415
1.0,50.903562966414135,0.17236351980929948,0.9998065173307596,0.01720305628773415
1.0,49.41400966234131,0.17236351980929948,0.9998065173307596,0.01720305628773415
1.0,47.99574422406952,0.17236351980929948,0.9998065173307596,0.01720305628773415
1.0,46.64408098354909,0.17236351980929948,0.9998065173307596,0.01720305628773415
1.0,45.354722953508094,0.17236351980929948,0.9998065173307596,0.01720305628773415
1.0,44.12372313511428,0.17236351980929948,0.9998065173307596,0.01720305628773415
1.0,42.94745029668895,0.17236351980929948,0.9998065173307596,0.01720305628773415
1.0,41.82255863776383,0.17236351980929948,0.9998065173307596,0.01720305628773415
1.0,40.74596083823575,0.17236351980929948,0.9998065173307596,0.01720305628773415
1.0,39.71480406413613,0.17236351980929948,0.9998065173307596,0.01720305628773415
1.0,38.726448561979815,0.17236351980929948,0.9998065173307596,0.01720305628773415
1.0,37.778448524730166,0.17236351980929948,0.9998065173307596,0.01720305628773415
1.0,36.86853495569629,0.17236351980929948,0.9998065173307596,0.01720305628773415
1.0,35.99460029345639,0.17236351980929948,0.9998065173307596,0.01720305628773415
1.0,35.154684592242454,0.17236351980929948,0.9998065173307596,0.01720305628773415
1.0,34.346963078999366,0.17236351980929948,0.9998065173307596,0.01720305628773415
1.0,33.569734931269345,0.17236351980929948,0.9998065173307596,0.01720305628773415
1.0,32.82141313975111,0.17236351980929948,0.9998065173307596,0.01720305628773415
1.0,32.10051533633915,0.17236351980929948,0.9998065173307596,0.01720305628773415
1.0,31.40565548307849,0.17236351980929948,0.9998065173307596,0.01720305628773415
1.0,30.735536330122542,0.17236351980929948,0.9998065173307596,0.01720305628773415
1.0,30.088942561745906,0.17236351980929948,0.9998065173307596,0.01720305628773415
1.0,29.46473455898792,0.17236351980929948,0.9998065173307596,0.01720305628773415
1.0,28.86184271579015,0.17236351980929948,0.9998065173307596,0.01720305628773415
1.0,28.279262252719157,0.17236351980929948,0.9998065173307596,0.01720305628773415
1.0,27.716048478681042,0.17236351980929948,0.9998065173307596,0.01720305628773415
1.0,27.171312456562625,0.17236351980929948,0.9998065173307596,0.01720305628773415
1.0,26.6442170335827,0.17236351980929948,0.9998065173307596,0.01720305628773415
1.0,26.13397320139692,0.17236351980929948,0.9998065173307596,0.01720305628773415
1.0,25.63983675474885,0.17236351980929948,0.9998065173307596,0.01720305628773415
0.9999999999999999,25.161105220765517,0.17236351980929948,0.9998065173307596,0.01720305628773415
0.9999999999999999,24.697115033914436,0.17236351980929948,0.9998065173307596,0.01720305628773415
0.9999999999999998,24.247238934221215,0.17236351980929948,0.9998065173307596,0.01720305628773415
0.9999999999999997,23.810883568633788,0.17236351980929948,0.9998065173307596,0.01720305628773415
0.9999999999999996,23.387487277448805,0.17236351980929948,0.9998065173307596,0.01720305628773415
0.9999999999999993,22.976518049518734,0.17236351980929948,0.9998065173307596,0.01720305628773415
0.9999999999999989,22.577471631563007,0.17236351980929948,0.9998065173307596,0.01720305628773415
0.9999999999999984,22.189869778336035,0.17236351980929948,0.9998065173307596,0.01720305628773415
0.9999999999999976,21.813258631681194,0.17236351980929948,0.9998065173307596,0.01720305628773415
0.9999999999999964,21.44720721763975,0.17236351980929948,0.9998065173307596,0.01720305628773415
0.9999999999999948,21.09130605180399,0.17236351980929948,0.9998065173307596,0.01720305628773415
0.9999999999999926,20.74516584401749,0.17236351980929948,0.9998065173307596,0.01720305628773415
0.9999999999999892,20.40841629434542,0.17236351980929948,0.9998065173307596,0.01720305628773415
0.9999999999999847,20.080704972974047,0.17236351980929948,0.9998065173307596,0.01720305628773415
0.9999999999999782,19.761696277360464,0.17236351980929948,0.9998065173307596,0.01720305628773415
0.9999999999999694,19.451070460549868,0.17236351980929948,0.9998065173307596,0.01720305628773415
0.9999999999999573,19.148522725114578,0.17236351980929948,0.9998065173307596,0.01720305628773415
0.9999999999999407,18.85376237765413,0.17236351980929948,0.9998065173307596,0.01720305628773415
0.9999999999999184,18.566512039233086,0.17236351980929948,0.9998065173307596,0.01720305628773415
0.9999999999998883,18.286506907529667,0.17236351980929948,0.9998065173307596,0.01720305628773415
0.9999999999998482,18.013494066826336,0.17236351980929948,0.9998065173307596,0.01720305628773415
0.9999999999997948,17.747231842298522,0.17236351980929948,0.9998065173307596,0.01720305628773415
0.9999999999997243,17.487489195352044,0.17236351980929948,0.9998065173307596,0.01720305628773415
0.9999999999996316,17.234045157027534,0.17236351980929948,0.9998065173307596,0.01720305628773415
0.9999999999995106,16.986688296733043,0.17236351980929948,0.9998065173307596,0.01720305628773415
0.9999999999993532,16.745216223787487,0.17236351980929948,0.9998065173307596,0.01720305628773415
0.9999999999991497,16.509435119458644,0.17236351980929948,0.9998065173307596,0.01720305628773415
0.9999999999988878,16.27915929736327,0.17236351980929948,0.9998065173307596,0.01720305628773415
0.9999999999985524,16.05421079026429,0.17236351980929948,0.9998065173307596,0.01720305628773415
0.9999999999981248,15.83441896145268,0.17236351980929948,0.9998065173307596,0.01720305628773415
0.9999999999975823,15.61962013904182,0.17236351980929948,0.9998065173307596,0.01720305628773415
0.9999999999968968,15.40965727162939,0.17236351980929948,0.9998065173307596,0.01720305628773415
0.9999999999960346,15.204379603899278,0.17236351980929948,0.9998065173307596,0.01720305628773415
0.9999999999949547,15.003642370842831,0.17236351980929948,0.9998065173307596,0.01720305628773415
0.9999999999936073,14.807306509377169,0.17236351980929948,0.9998065173307596,0.01720305628773415
0.9999999999919332,14.615238386228421,0.17236351980929948,0.9998065173307596,0.01720305628773415
0.999999999989861,14.427309541030532,0.17236351980929948,0.9998065173307596,0.01720305628773415
0.9999999999873057,14.243396443666233,0.17236351980929948,0.9998065173307596,0.01720305628773415
0.9999999999841661,14.063380264947003,0.17236351980929948,0.9998065173307596,0.01720305628773415
0.9999999999803226,13.88714665979291,0.17236351980929948,0.9998065173307596,0.01720305628773415
0.9999999999756335,13.714585562132834,0.17236351980929948,0.9998065173307596,0.01720305628773415
0.9999999999699322,13.545590990799983,0.17236351980929948,0.9998065173307596,0.01720305628773415
0.9999999999630231,13.380060865748176,0.17236351980929948,0.9998065173307596,0.01720305628773415
0.9999999999546774,13.217896833960818,0.17236351980929948,0.9998065173307596,0.01720305628773415
0.9999999999446277,13.059004104467514,0.17236351980929948,0.9998065173307596,0.01720305628773415
0.9999999999325636,12.903291291922894,0.17236351980929948,0.9998065173307596,0.01720305628773415
0.9999999999181242,12.750670268239015,0.17236351980929948,0.9998065173307596,0.01720305628773415
0.9999999999008924,12.601056021796678,0.17236351980929948,0.9998065173307596,0.01720305628773415
0.9999999998803868,12.454366523792402,0.17236351980929948,0.9998065173307596,0.01720305628773415
0.999999999856053,12.310522601306985,0.17236351980929948,0.9998065173307596,0.01720305628773415
0.9999999998272548,12.169447816708644,0.17236351980929948,0.9998065173307596,0.01720305628773415
0.9999999997932635,12.03106835302872,0.17236351980929948,0.9998065173307596,0.01720305628773415
0.9999999997532462,11.8953129049712,0.17236351980929948,0.9998065173307596,0.01720305628773415
0.9999999997062538,11.762112575239023,0.17236351980929948,0.9998065173307596,0.01720305628773415
0.9999999996512068,11.631400775880062,0.17236351980929948,0.9998065173307596,0.01720305628773415
0.9999999995868802,11.503113134374471,0.17236351980929948,0.9998065173307596,0.01720305628773415
0.9999999995118873,11.377187404202392,0.17236351980929948,0.9998065173307596,0.01720305628773415
0.9999999994246609,11.253563379647117,0.17236351980929948,0.9998065173307596,0.01720305628773415
0.9999999993234339,11.132182814604066,0.17236351980929948,0.9998065173307596,0.01720305628773415
0.9999999992062184,11.012989345179685,0.17236351980929948,0.9998065173307596,0.01720305628773415
0.9999999990707815,10.89592841587766,0.17236351980929948,0.9998065173307596,0.01720305628773415
0.9999999989146208,10.780947209181981,0.17236351980929948,0.9998065173307596,0.01720305628773415
0.9999999987349368,10.66799457835769,0.17236351980929948,0.9998065173307596,0.01720305628773415
0.9999999985286036,10.557020983300907,0.17236351980929948,0.9998065173307596,0.01720305628773415
0.9999999982921367,10.447978429279555,0.17236351980929948,0.9998065173307596,0.01720305628773415
0.9999999980216595,10.340820408415542,0.17236351980929948,0.9998065173307596,0.01720305628773415
0.9999999977128661,10.235501843767778,0.17236351980929948,0.9998065173307596,0.01720305628773415
0.9999999973609818,10.131979035883575,0.17236351980929948,0.9998065173307596,0.01720305628773415
0.999999996960721,10.030209611693568,0.17236351980929948,0.9998065173307596,0.01720305628773415
0.9999999965062422,9.93015247563235,0.17236351980929948,0.9998065173307596,0.01720305628773415
0.9999999959910992,9.831767762873733,0.17236351980929948,0.9998065173307596,0.01720305628773415
0.9999999954081904,9.735016794575806,0.17236351980929948,0.9998065173307596,0.01720305628773415
0.9999999947497026,9.639862035036737,0.17236351980929948,0.9998065173307596,0.01720305628773415
0.9999999940070541,9.54626705066782,0.17236351980929948,0.9998065173307596,0.01720305628773415
0.9999999931708313,9.454196470695443,0.17236351980929948,0.9998065173307596,0.01720305628773415
0.999999992230724,9.363615949508386,0.17236351980929948,0.9998065173307596,0.01720305628773415
0.9999999911754546,9.274492130571526,0.17236351980929948,0.9998065173307596,0.01720305628773415
0.9999999899927048,9.186792611831237,0.17236351980929948,0.9998065173307596,0.01720305628773415
0.9999999886690375,9.100485912541727,0.17236351980929948,0.9998065173307596,0.01720305628773415
0.9999999871898138,9.015541441445471,0.17236351980929948,0.9998065173307596,0.01720305628773415
0.9999999855391065,8.931929466244322,0.17236351980929948,0.9998065173307596,0.01720305628773415
0.9999999836996081,8.849621084301246,0.17236351980929948,0.9998065173307596,0.01720305628773415
0.9999999816525341,8.768588194515852,0.17236351980929948,0.9998065173307596,0.01720305628773415
0.9999999793775222,8.688803470319755,0.17236351980929948,0.9998065173307596,0.01720305628773415
0.9999999768525246,8.610240333740615,0.17236351980929948,0.9998065173307596,0.01720305628773415
0.9999999740536972,8.532872930486413,0.17236351980929948,0.9998065173307596,0.01720305628773415
0.9999999709552816,8.456676106003862,0.17236351980929948,0.9998065173307596,0.01720305628773415
0.9999999675294828,8.381625382467327,0.17236351980929948,0.9998065173307596,0.01720305628773415
0.9999999637463406,8.307696936656763,0.17236351980929948,0.9998065173307596,0.01720305628773415
0.9999999595735949,8.234867578685233,0.17236351980929948,0.9998065173307596,0.01720305628773415
0.9999999549765461,8.163114731538641,0.17236351980929948,0.9998065173307596,0.01720305628773415
0.9999999499179089,8.09241641139208,0.17236351980929948,0.9998065173307596,0.01720305628773415
0.9999999443576589,8.022751208668943,0.17236351980929948,0.9998065173307596,0.01720305628773415
0.9999999382528751,7.9540982698107205,0.17236351980929948,0.9998065173307596,0.01720305628773415
0.9999999315575734,7.886437279726835,0.17236351980929948,0.9998065173307596,0.01720305628773415
0.9999999242225357,7.819748444895412,0.17236351980929948,0.9998065173307596,0.01720305628773415
0.9999999161951308,7.754012477087336,0.17236351980929948,0.9998065173307596,0.01720305628773415
0.9999999074191296,7.689210577687141,0.17236351980929948,0.9998065173307596,0.01720305628773415
0.9999998978345125,7.625324422585708,0.17236351980929948,0.9998065173307596,0.01720305628773415
0.9999998873772701,7.562336147620781,0.17236351980929948,0.9998065173307596,0.01720305628773415
0.9999998759791972,7.500228334542524,0.17236351980929948,0.9998065173307596,0.01720305628773415
0.9999998635676789,7.43898399748241,0.17236351980929948,0.9998065173307596,0.01720305628773415
0.9999998500654699,7.378586569904719,0.17236351980929948,0.9998065173307596,0.01720305628773415
0.9999998353904661,7.319019892020866,0.17236351980929948,0.9998065173307596,0.01720305628773415
0.9999998194554687,7.260268198647779,0.17236351980929948,0.9998065173307596,0.01720305628773415
0.9999998021679408,7.202316107492274,0.17236351980929948,0.9998065173307596,0.01720305628773415
0.9999997834297567,7.145148607844348,0.17236351980929948,0.9998065173307596,0.01720305628773415
0.9999997631369426,7.0887510496629496,0.17236351980929948,0.9998065173307596,0.01720305628773415
0.9999997411794103,7.033109133038626,0.17236351980929948,0.9998065173307596,0.01720305628773415
0.9999997174406824,6.978208898018095,0.17236351980929948,0.9998065173307596,0.01720305628773415
0.9999996917976104,6.9240367147765,0.17236351980929948,0.9998065173307596,0.01720305628773415
0.999999664120084,6.870579274123656,0.17236351980929948,0.9998065173307596,0.01720305628773415
0.9999996342707322,6.817823578331328,0.17236351980929948,0.9998065173307596,0.01720305628773415
0.9999996021046176,6.765756932269037,0.17236351980929948,0.9998065173307596,0.01720305628773415
0.9999995674689206,6.714366934836481,0.17236351980929948,0.9998065173307596,0.01720305628773415
0.9999995302026176,6.663641470681213,0.17236351980929948,0.9998065173307596,0.01720305628773415
0.9999994901361485,6.613568702190628,0.17236351980929948,0.9998065173307596,0.01720305628773415
0.9999994470910786,6.564137061747864,0.17236351980929948,0.9998065173307596,0.01720305628773415
0.99999940087975,6.515335244241623,0.17236351980929948,0.9998065173307596,0.01720305628773415
0.9999993513049257,6.467152199820335,0.17236351980929948,0.9998065173307596,0.01720305628773415
0.9999992981594252,6.419577126881549,0.17236351980929948,0.9998065173307596,0.01720305628773415
0.999999241225752,6.372599465287762,0.17236351980929948,0.9998065173307596,0.01720305628773415
0.9999991802757118,6.3262088898002755,0.17236351980929948,0.9998065173307596,0.01720305628773415
0.9999991150700235,6.280395303723081,0.17236351980929948,0.9998065173307596,0.01720305628773415
0.999999045357921,6.235148832749007,0.17236351980929948,0.9998065173307596,0.01720305628773415
0.9999989708767467,6.190459819000775,0.17236351980929948,0.9998065173307596,0.01720305628773415
0.9999988913515372,6.1463188152598685,0.17236351980929948,0.9998065173307596,0.01720305628773415
0.9999988064945994,6.1027165793764,0.17236351980929948,0.9998065173307596,0.01720305628773415
0.9999987160050793,6.059644068853486,0.17236351980929948,0.9998065173307596,0.01720305628773415
0.9999986195685224,6.017092435599856,0.17236351980929948,0.9998065173307596,0.01720305628773415
0.9999985168564246,5.975053020844697,0.17236351980929948,0.9998065173307596,0.01720305628773415
0.9999984075257757,5.933517350208979,0.17236351980929948,0.9998065173307596,0.01720305628773415
0.9999982912185951,5.892477128927736,0.17236351980929948,0.9998065173307596,0.01720305628773415
0.999998167561457,5.851924237217966,0.17236351980929948,0.9998065173307596,0.01720305628773415
0.99999803616501,5.811850725787104,0.17236351980929948,0.9998065173307596,0.01720305628773415
0.9999978966234867,5.772248811477112,0.17236351980929948,0.9998065173307596,0.01720305628773415
0.9999977485142051,5.733110873039524,0.17236351980929948,0.9998065173307596,0.01720305628773415
0.9999975913970627,5.694429447036906,0.17236351980929948,0.9998065173307596,0.01720305628773415
0.9999974248140217,5.6561972238664,0.17236351980929948,0.9998065173307596,0.01720305628773415
0.9999972482885862,5.618407043901153,0.17236351980929948,0.9998065173307596,0.01720305628773415
0.9999970613252714,5.581051893745652,0.17236351980929948,0.9998065173307596,0.01720305628773415
0.9999968634090648,5.544124902601059,0.17236351980929948,0.9998065173307596,0.01720305628773415
0.9999966540048788,5.507619338736878,0.17236351980929948,0.9998065173307596,0.01720305628773415
0.9999964325569962,5.47152860606536,0.17236351980929948,0.9998065173307596,0.01720305628773415
0.9999961984885067,5.4358462408151995,0.17236351980929948,0.9998065173307596,0.01720305628773415
0.9999959512007369,5.400565908301245,0.17236351980929948,0.9998065173307596,0.01720305628773415
0.9999956900726708,5.3656813997870145,0.17236351980929948,0.9998065173307596,0.01720305628773415
0.9999954144603634,5.331186629436963,0.17236351980929948,0.9998065173307596,0.01720305628773415
0.9999951236963474,5.297075631355571,0.17236351980929948,0.9998065173307596,0.01720305628773415
0.9999948170890295,5.26334255671037,0.17236351980929948,0.9998065173307596,0.01720305628773415
0.9999944939220822,5.2299816709362155,0.17236351980929948,0.9998065173307596,0.01720305628773415
0.9999941534538259,5.196987351018155,0.17236351980929948,0.9998065173307596,0.01720305628773415
0.9999937949166038,5.164354082850335,0.17236351980929948,0.9998065173307596,0.01720305628773415
0.99999341751615,5.132076458668544,0.17236351980929948,0.9998065173307596,0.01720305628773415
0.9999930204309492,5.100149174553986,0.17236351980929948,0.9998065173307596,0.01720305628773415
0.9999926028115896,5.068567028006054,0.17236351980929948,0.9998065173307596,0.01720305628773415
0.9999921637801085,5.037324915581888,0.17236351980929948,0.9998065173307596,0.01720305628773415
0.9999917024293293,5.006417830600613,0.17236351980929948,0.9998065173307596,0.01720305628773415
0.9999912178221936,4.975840860910227,0.17236351980929948,0.9998065173307596,0.01720305628773415
0.9999907089910833,4.945589186715173,0.17236351980929948,0.9998065173307596,0.01720305628773415
0.9999901749371383,4.9156580784626875,0.17236351980929948,0.9998065173307596,0.01720305628773415
0.9999896146295641,4.886042894786118,0.17236351980929948,0.9998065173307596,0.01720305628773415
0.9999890270049354,4.856739080503433,0.17236351980929948,0.9998065173307596,0.01720305628773415
0.9999884109664899,4.827742164669232,0.17236351980929948,0.9998065173307596,0.01720305628773415
0.9999877653834173,4.799047758678598,0.17236351980929948,0.9998065173307596,0.01720305628773415
0.9999870890901396,4.770651554421222,0.17236351980929948,0.9998065173307596,0.01720305628773415
0.9999863808855858,4.742549322484264,0.17236351980929948,0.9998065173307596,0.01720305628773415
0.999985639532459,4.714736910402471,0.17236351980929948,0.9998065173307596,0.01720305628773415
0.999984863756497,4.687210240954122,0.17236351980929948,0.9998065173307596,0.01720305628773415
0.9999840522457255,4.659965310501421,0.17236351980929948,0.9998065173307596,0.01720305628773415
0.9999832036497059,4.632998187374019,0.17236351980929948,0.9998065173307596,0.01720305628773415
0.9999823165787746,4.60630501029436,0.17236351980929948,0.9998065173307596,0.01720305628773415
0.9999813896032769,4.579881986843605,0.17236351980929948,0.9998065173307596,0.01720305628773415
0.999980421252794,4.553725391966972,0.17236351980929948,0.9998065173307596,0.01720305628773415
0.9999794100153631,4.527831566517255,0.17236351980929948,0.9998065173307596,0.01720305628773415
0.9999783543366908,4.502196915835497,0.17236351980929948,0.9998065173307596,0.01720305628773415
0.9999772526193604,4.476817908367624,0.17236351980929948,0.9998065173307596,0.01720305628773415
0.9999761032220323,4.451691074316094,0.17236351980929948,0.9998065173307596,0.01720305628773415
0.9999749044586378,4.426813004325454,0.17236351980929948,0.9998065173307596,0.01720305628773415
0.9999736545975668,4.4021803482008925,0.17236351980929948,0.9998065173307596,0.01720305628773415
0.9999723518608484,4.377789813658801,0.17236351980929948,0.9998065173307596,0.01720305628773415
0.9999709944233257,4.353638165108427,0.17236351980929948,0.9998065173307596,0.01720305628773415
0.999969580411823,4.32972222246375,0.17236351980929948,0.9998065173307596,0.01720305628773415
0.9999681079043082,4.3060388599846915,0.17236351980929948,0.9998065173307596,0.01720305628773415
0.9999665749290471,4.282585005146855,0.17236351980929948,0.9998065173307596,0.01720305628773415
0.9999649794637517,4.2593576375389635,0.17236351980929948,0.9998065173307596,0.01720305628773415
0.9999633194347233,4.236353787787233,0.17236351980929948,0.9998065173307596,0.01720305628773415
0.9999615927159864,4.213570536505918,0.17236351980929948,0.9998065173307596,0.01720305628773415
0.9999597971284191,4.191005013273293,0.17236351980929948,0.9998065173307596,0.01720305628773415
0.9999579304388746,4.1686543956323785,0.17236351980929948,0.9998065173307596,0.01720305628773415
0.9999559903592976,4.146515908115702,0.17236351980929948,0.9998065173307596,0.01720305628773415
0.9999539745458338,4.124586821293447,0.17236351980929948,0.9998065173307596,0.01720305628773415
0.9999518805979323,4.102864450844339,0.17236351980929948,0.9998065173307596,0.01720305628773415
0.9999497060574417,4.08134615664864,0.17236351980929948,0.9998065173307596,0.01720305628773415
0.9999474484077003,4.06002934190266,0.17236351980929948,0.9998065173307596,0.01720305628773415
0.9999451050726182,4.038911452254182,0.17236351980929948,0.9998065173307596,0.01720305628773415
0.9999426734157538,4.017989974958256,0.17236351980929948,0.9998065173307596,0.01720305628773415
0.9999401507393828,3.997262438052777,0.17236351980929948,0.9998065173307596,0.01720305628773415
0.9999375342835611,3.976726409553347,0.17236351980929948,0.9998065173307596,0.01720305628773415
0.9999348212251804,3.9563794966668926,0.17236351980929948,0.9998065173307596,0.01720305628773415
0.9999320086770163,3.9362193450235137,0.17236351980929948,0.9998065173307596,0.01720305628773415
0.9999290936867705,3.9162436379261307,0.17236351980929948,0.9998065173307596,0.01720305628773415
0.9999260732361057,3.8964500956173778,0.17236351980929948,0.9998065173307596,0.01720305628773415
0.999922944239672,3.8768364745633725,0.17236351980929948,0.9998065173307596,0.01720305628773415
0.9999197035441283,3.85740056675385,0.17236351980929948,0.9998065173307596,0.01720305628773415
0.9999163479271543,3.838140199018268,0.17236351980929948,0.9998065173307596,0.01720305628773415
0.9999128740964568,3.8190532323574407,0.17236351980929948,0.9998065173307596,0.01720305628773415
0.9999092786887668,3.8001375612903225,0.17236351980929948,0.9998065173307596,0.01720305628773415
0.999905558268831,3.781391113215518,0.17236351980929948,0.9998065173307596,0.01720305628773415
0.9999017093283937,3.7628118477871566,0.17236351980929948,0.9998065173307596,0.01720305628773415
0.9998977282851724,3.7443977563047586,0.17236351980929948,0.9998065173307596,0.01720305628773415
0.9998936114818244,3.7261468611167143,0.17236351980929948,0.9998065173307596,0.01720305628773415
0.999889355184906,3.70805721503706,0.17236351980929948,0.9998065173307596,0.01720305628773415
0.9998849555838232,3.6901269007751685,0.17236351980929948,0.9998065173307596,0.01720305628773415
0.9998804087897747,3.672354030378066,0.17236351980929948,0.9998065173307596,0.01720305628773415
0.9998757108346858,3.65473674468502,0.17236351980929948,0.9998065173307596,0.01720305628773415
0.9998708576701341,3.637273212794115,0.17236351980929948,0.9998065173307596,0.01720305628773415
0.9998658451662664,3.6199616315404946,0.17236351980929948,0.9998065173307596,0.01720305628773415
0.999860669110707,3.6028002249859727,0.17236351980929948,0.9998065173307596,0.01720305628773415
0.9998553252074566,3.585787243919764,0.17236351980929948,0.9998065173307596,0.01720305628773415
0.9998498090757825,3.568920965369999,0.17236351980929948,0.9998065173307596,0.01720305628773415
0.9998441162490992,3.5521996921258054,0.17236351980929948,0.9998065173307596,0.01720305628773415
0.9998382421738399,3.535621752269667,0.17236351980929948,0.9998065173307596,0.01720305628773415
0.9998321822083175,3.5191854987198097,0.17236351980929948,0.9998065173307596,0.01720305628773415
0.9998259316215772,3.5028893087823723,0.17236351980929948,0.9998065173307596,0.01720305628773415
0.9998194855922378,3.4867315837131074,0.17236351980929948,0.9998065173307596,0.01720305628773415
0.9998128392073234,3.470710748288405,0.17236351980929948,0.9998065173307596,0.01720305628773415
0.9998059874610853,3.4548252503853747,0.17236351980929948,0.9998065173307596,0.01720305628773415
0.9997989252538124,3.439073560570803,0.17236351980929948,0.9998065173307596,0.01720305628773415
0.9997916473906313,3.423454171698728,0.17236351980929948,0.9998065173307596,0.01720305628773415
0.9997841485802957,3.407965598516474,0.17236351980929948,0.9998065173307596,0.01720305628773415
0.9997764234339653,3.3926063772788817,0.17236351980929948,0.9998065173307596,0.01720305628773415
0.9997684664639713,3.37737506537059,0.17236351980929948,0.9998065173307596,0.01720305628773415
0.9997602720825738,3.362270240936143,0.17236351980929948,0.9998065173307596,0.01720305628773415
0.9997518346007043,3.347290502517745,0.17236351980929948,0.9998065173307596,0.01720305628773415
0.9997431482266986,3.332434468700473,0.17236351980929948,0.9998065173307596,0.01720305628773415
0.9997342070650168,3.3177007777647884,0.17236351980929948,0.9998065173307596,0.01720305628773415
0.9997250051149518,3.303088087346148,0.17236351980929948,0.9998065173307596,0.01720305628773415
0.9997155362693243,3.28859507410156,0.17236351980929948,0.9998065173307596,0.01720305628773415
0.9997057943131668,3.274220433382928,0.17236351980929948,0.9998065173307596,0.01720305628773415
0.9996957729223939,3.259962878916995,0.17236351980929948,0.9998065173307596,0.01720305628773415
0.9996854656624609,3.2458211424917693,0.17236351980929948,0.9998065173307596,0.01720305628773415
0.9996748659870082,3.2317939736492405,0.17236351980929948,0.9998065173307596,0.01720305628773415
0.9996639672364932,3.2178801393842735,0.17236351980929948,0.9998065173307596,0.01720305628773415
0.9996527626368097,3.2040784238495115,0.17236351980929948,0.9998065173307596,0.01720305628773415
0.9996412452978946,3.1903876280661585,0.17236351980929948,0.9998065173307596,0.01720305628773415
0.9996294082123186,3.1768065696404855,0.17236351980929948,0.9998065173307596,0.01720305628773415
0.9996172442538649,3.163334082485975,0.17236351980929948,0.9998065173307596,0.01720305628773415
0.9996047461760978,3.149969016550911,0.17236351980929948,0.9998065173307596,0.01720305628773415
0.9995919066109126,3.136710237551322,0.17236351980929948,0.9998065173307596,0.01720305628773415
0.9995787180670752,3.123556626709167,0.17236351980929948,0.9998065173307596,0.01720305628773415
0.9995651729287482,3.110507080495593,0.17236351980929948,0.9998065173307596,0.01720305628773415
0.9995512634540021,3.0975605103792097,0.17236351980929948,0.9998065173307596,0.01720305628773415
0.9995369817733156,3.0847158425792145,0.17236351980929948,0.9998065173307596,0.01720305628773415
0.9995223198880626,3.0719720178232803,0.17236351980929948,0.9998065173307596,0.01720305628773415
0.9995072696689846,3.0593279911100866,0.17236351980929948,0.9998065173307596,0.01720305628773415
0.9994918228546503,3.0467827314764073,0.17236351980929948,0.9998065173307596,0.01720305628773415
0.9994759710499068,3.0343352217686217,0.17236351980929948,0.9998065173307596,0.01720305628773415
0.9994597057243152,3.0219844584185593,0.17236351980929948,0.9998065173307596,0.01720305628773415
0.9994430182105757,3.009729451223595,0.17236351980929948,0.9998065173307596,0.01720305628773415
0.999425899702942,2.9975692231308617,0.17236351980929948,0.9998065173307596,0.01720305628773415
0.9994083412556242,2.9855028100255305,0.17236351980929948,0.9998065173307596,0.01720305628773415
0.9993903337811818,2.9735292605230206,0.17236351980929948,0.9998065173307596,0.01720305628773415
0.9993718680489083,2.9616476357650887,0.17236351980929948,0.9998065173307596,0.01720305628773415
0.9993529346832111,2.9498570092196754,0.17236351980929948,0.9998065173307596,0.01720305628773415
0.9993335241619707,2.9381564664844317,0.17236351980929948,0.9998065173307596,0.01720305628773415
0.9993136268149068,2.9265451050938913,0.17236351980929948,0.9998065173307596,0.01720305628773415
0.9992932328219365,2.915022034330094,0.17236351980929948,0.9998065173307596,0.01720305628773415
0.9992723322115177,2.9035863750367006,0.17236351980929948,0.9998065173307596,0.01720305628773415
0.9992509148590009,2.8922372594364516,0.17236351980929948,0.9998065173307596,0.01720305628773415
0.9992289704849747,2.8809738309518953,0.17236351980929948,0.9998065173307596,0.01720305628773415
0.9992064886536042,2.869795244029339,0.17236351980929948,0.9998065173307596,0.01720305628773415
0.9991834587709848,2.858700663965941,0.17236351980929948,0.9998065173307596,0.01720305628773415
0.9991598700834851,2.847689266739821,0.17236351980929948,0.9998065173307596,0.01720305628773415
0.9991357116760936,2.836760238843224,0.17236351980929948,0.9998065173307596,0.01720305628773415
0.9991109724707918,2.825912777118565,0.17236351980929948,0.9998065173307596,0.01720305628773415
0.9990856412249131,2.8151460885973214,0.17236351980929948,0.9998065173307596,0.01720305628773415
0.9990597065295184,2.8044593903417505,0.17236351980929948,0.9998065173307596,0.01720305628773415
0.9990331568077924,2.7938519092893053,0.17236351980929948,0.9998065173307596,0.01720305628773415
0.9990059803134597,2.783322882099724,0.17236351980929948,0.9998065173307596,0.01720305628773415
0.9989781651292026,2.772871555004688,0.17236351980929948,0.9998065173307596,0.01720305628773415
0.9989496991651098,2.7624971836600793,0.17236351980929948,0.9998065173307596,0.01720305628773415
0.9989205701571642,2.752199033000663,0.17236351980929948,0.9998065173307596,0.01720305628773415
0.9988907656657411,2.7419763770972154,0.17236351980929948,0.9998065173307596,0.01720305628773415
0.998860273074136,2.7318284990160135,0.17236351980929948,0.9998065173307596,0.01720305628773415
0.9988290795871559,2.7217546906806627,0.17236351980929948,0.9998065173307596,0.01720305628773415
0.9987971722297239,2.7117542527361183,0.17236351980929948,0.9998065173307596,0.01720305628773415
0.9987645378455411,2.701826494414997,0.17236351980929948,0.9998065173307596,0.01720305628773415
0.9987311630958008,2.6919707334059564,0.17236351980929948,0.9998065173307596,0.01720305628773415
0.9986970344579414,2.6821862957242497,0.17236351980929948,0.9998065173307596,0.01720305628773415
0.9986621382244852,2.6724725155842908,0.17236351980929948,0.9998065173307596,0.01720305628773415
0.9986264605019088,2.662828735274241,0.17236351980929948,0.9998065173307596,0.01720305628773415
0.9985899872096236,2.6532543050325748,0.17236351980929948,0.9998065173307596,0.01720305628773415
0.9985527040789964,2.6437485829265053,0.17236351980929948,0.9998065173307596,0.01720305628773415
0.9985145966524658,2.6343109347323628,0.17236351980929948,0.9998065173307596,0.01720305628773415
0.998475650282767,2.6249407338177213,0.17236351980929948,0.9998065173307596,0.01720305628773415
0.9984358501322064,2.6156373610253616,0.17236351980929948,0.9998065173307596,0.01720305628773415
0.9983951811720926,2.6064002045589754,0.17236351980929948,0.9998065173307596,0.01720305628773415
0.9983536281822315,2.597228659870533,0.17236351980929948,0.9998065173307596,0.01720305628773415
0.9983111757505554,2.5881221295493995,0.17236351980929948,0.9998065173307596,0.01720305628773415
0.9982678082728851,2.579080023212991,0.17236351980929948,0.9998065173307596,0.01720305628773415
0.9982235099528121,2.5701017573991045,0.17236351980929948,0.9998065173307596,0.01720305628773415
0.9981782648017166,2.56118675545974,0.17236351980929948,0.9998065173307596,0.01720305628773415
0.9981320566389261,2.55233444745652,0.17236351980929948,0.9998065173307596,0.01720305628773415
0.9980848690920648,2.5435442700575503,0.17236351980929948,0.9998065173307596,0.01720305628773415
0.9980366855975383,2.534815666435767,0.17236351980929948,0.9998065173307596,0.01720305628773415
0.9979874894011617,2.526148086168702,0.17236351980929948,0.9998065173307596,0.01720305628773415
0.9979372635590477,2.5175409851397124,0.17236351980929948,0.9998065173307596,0.01720305628773415
0.997885990938598,2.5089938254404722,0.17236351980929948,0.9998065173307596,0.01720305628773415
0.9978336542197406,2.5005060752749815,0.17236351980929948,0.9998065173307596,0.01720305628773415
0.9977802358963817,2.492077208864728,0.17236351980929948,0.9998065173307596,0.01720305628773415
0.997725718277988,2.4837067063553087,0.17236351980929948,0.9998065173307596,0.01720305628773415
0.9976700834915473,2.4753940537242514,0.17236351980929948,0.9998065173307596,0.01720305628773415
0.9976133134836179,2.467138742690085,0.17236351980929948,0.9998065173307596,0.01720305628773415
0.9975553900225872,2.4589402706227244,0.17236351980929948,0.9998065173307596,0.01720305628773415
0.997496294701407,2.4507981404550914,0.17236351980929948,0.9998065173307596,0.01720305628773415
0.9974360089403558,2.442711860595783,0.17236351980929948,0.9998065173307596,0.01720305628773415
0.9973745139900291,2.4346809448431754,0.17236351980929948,0.9998065173307596,0.01720305628773415
0.9973117909349019,2.4267049123005693,0.17236351980929948,0.9998065173307596,0.01720305628773415
0.9972478206968056,2.4187832872924595,0.17236351980929948,0.9998065173307596,0.01720305628773415
0.997182584038868,2.410915599282161,0.17236351980929948,0.9998065173307596,0.01720305628773415
0.9971160615697565,2.403101382790361,0.17236351980929948,0.9998065173307596,0.01720305628773415
0.9970482337481263,2.395340177314998,0.17236351980929948,0.9998065173307596,0.01720305628773415
0.9969790808873488,2.3876315272521227,0.17236351980929948,0.9998065173307596,0.01720305628773415
0.9969085831606318,2.3799749818180844,0.17236351980929948,0.9998065173307596,0.01720305628773415
0.9968367206063466,2.372370094972606,0.17236351980929948,0.9998065173307596,0.01720305628773415
0.9967634731336604,2.364816425343248,0.17236351980929948,0.9998065173307596,0.01720305628773415
0.9966888205285352,2.3573135361507505,0.17236351980929948,0.9998065173307596,0.01720305628773415
0.9966127424598655,2.3498609951357095,0.17236351980929948,0.9998065173307596,0.01720305628773415
0.9965352184860271,2.342458374486245,0.17236351980929948,0.9998065173307596,0.01720305628773415
0.9964562280616968,2.3351052507669134,0.17236351980929948,0.9998065173307596,0.01720305628773415
0.9963757505448987,2.327801204848634,0.17236351980929948,0.9998065173307596,0.01720305628773415
0.9962937652044215,2.3205458218399015,0.17236351980929948,0.9998065173307596,0.01720305628773415
0.9962102512274161,2.3133386910189566,0.17236351980929948,0.9998065173307596,0.01720305628773415
0.9961251877269497,2.306179405767315,0.17236351980929948,0.9998065173307596,0.01720305628773415
0.9960385537506184,2.299067563504443,0.17236351980929948,0.9998065173307596,0.01720305628773415
0.9959503282884974,2.292002765623306,0.17236351980929948,0.9998065173307596,0.01720305628773415
0.9958604902815824,2.284984617427631,0.17236351980929948,0.9998065173307596,0.01720305628773415
0.9957690186308862,2.2780127280698688,0.17236351980929948,0.9998065173307596,0.01720305628773415
0.9956758922059429,2.271086710490644,0.17236351980929948,0.9998065173307596,0.01720305628773415
0.9955810898540189,2.264206181359357,0.17236351980929948,0.9998065173307596,0.01720305628773415
0.9954845904092066,2.257370761015979,0.17236351980929948,0.9998065173307596,0.01720305628773415
0.9953863727016118,2.2505800734141608,0.17236351980929948,0.9998065173307596,0.01720305628773415
0.995286415566597,2.243833746065562,0.17236351980929948,0.9998065173307596,0.01720305628773415
0.9951846978547829,2.2371314099855195,0.17236351980929948,0.9998065173307596,0.01720305628773415
0.9950811984404327,2.230472699639628,0.17236351980929948,0.9998065173307596,0.01720305628773415
0.9949758962311411,2.2238572528924636,0.17236351980929948,0.9998065173307596,0.01720305628773415
0.9948687701778739,2.217284710956596,0.17236351980929948,0.9998065173307596,0.01720305628773415
0.9947597992830369,2.2107547183436185,0.17236351980929948,0.9998065173307596,0.01720305628773415
0.9946489626102551,2.2042669228163168,0.17236351980929948,0.9998065173307596,0.01720305628773415
0.9945362392932988,2.197820975342066,0.17236351980929948,0.9998065173307596,0.01720305628773415
0.9944216085443817,2.1914165300476975,0.17236351980929948,0.9998065173307596,0.01720305628773415
0.9943050496629345,2.1850532441757777,0.17236351980929948,0.9998065173307596,0.01720305628773415
0.9941865420440182,2.178730778042077,0.17236351980929948,0.9998065173307596,0.01720305628773415
0.9940660651856865,2.172448794994505,0.17236351980929948,0.9998065173307596,0.01720305628773415
0.9939435986968178,2.166206961373525,0.17236351980929948,0.9998065173307596,0.01720305628773415
0.9938191223041725,2.1600049464737165,0.17236351980929948,0.9998065173307596,0.01720305628773415
0.9936926158587241,2.153842422506962,0.17236351980929948,0.9998065173307596,0.01720305628773415
0.9935640593424865,2.1477190645668753,0.17236351980929948,0.9998065173307596,0.01720305628773415
0.9934334328738813,2.14163455059451,0.17236351980929948,0.9998065173307596,0.01720305628773415
0.9933007167124224,2.1355885613456254,0.17236351980929948,0.9998065173307596,0.01720305628773415
0.9931658912631655,2.1295807803592477,0.17236351980929948,0.9998065173307596,0.01720305628773415
0.993028937081444,2.12361089392764,0.17236351980929948,0.9998065173307596,0.01720305628773415
0.9928898348753397,2.1176785910672566,0.17236351980929948,0.9998065173307596,0.01720305628773415
0.9927485655075705,2.111783563491592,0.17236351980929948,0.9998065173307596,0.01720305628773415
0.9926051099982687,2.1059255055849118,0.17236351980929948,0.9998065173307596,0.01720305628773415
0.9924594495252022,2.1001041143773578,0.17236351980929948,0.9998065173307596,0.01720305628773415
0.9923115654244175,2.0943190895214308,0.17236351980929948,0.9998065173307596,0.01720305628773415
0.9921614391888968,2.0885701332694397,0.17236351980929948,0.9998065173307596,0.01720305628773415
0.9920090524675141,2.082856950452603,0.17236351980929948,0.9998065173307596,0.01720305628773415
0.9918543870626693,2.0771792484607396,0.17236351980929948,0.9998065173307596,0.01720305628773415
0.9916974249264121,2.0715367372236844,0.17236351980929948,0.9998065173307596,0.01720305628773415
0.9915381481576683,2.065929129193382,0.17236351980929948,0.9998065173307596,0.01720305628773415
0.9913765389961063,2.0603561393271326,0.17236351980929948,0.9998065173307596,0.01720305628773415
0.991212579816519,2.0548174850720695,0.17236351980929948,0.9998065173307596,0.01720305628773415
0.9910462531225074,2.049312886350344,0.17236351980929948,0.9998065173307596,0.01720305628773415
0.990877541538623,2.0438420655454186,0.17236351980929948,0.9998065173307596,0.01720305628773415
0.9907064278024554,2.0384047474891442,0.17236351980929948,0.9998065173307596,0.01720305628773415
0.9905328947546624,2.0330006594496655,0.17236351980929948,0.9998065173307596,0.01720305628773415
0.9903569253297735,2.0276295311202834,0.17236351980929948,0.9998065173307596,0.01720305628773415
0.9901785025452059,2.022291094608695,0.17236351980929948,0.9998065173307596,0.01720305628773415
0.9899976094893166,2.016985084427315,0.17236351980929948,0.9998065173307596,0.01720305628773415
0.9898142293100191,2.0117112374838966,0.17236351980929948,0.9998065173307596,0.01720305628773415
0.9896283452016392,2.006469293072868,0.17236351980929948,0.9998065173307596,0.01720305628773415
0.9894399403916643,2.001258992867086,0.17236351980929948,0.9998065173307596,0.01720305628773415
0.9892489981262895,1.9960800809100834,0.17236351980929948,0.9998065173307596,0.01720305628773415
0.9890555016564762,1.9909323036087438,0.17236351980929948,0.9998065173307596,0.01720305628773415
0.9888594342232557,1.9858154097261502,0.17236351980929948,0.9998065173307596,0.01720305628773415
0.9886607790419384,1.9807291503748157,0.17236351980929948,0.9998065173307596,0.01720305628773415
0.9884595192870615,1.9756732790100977,0.17236351980929948,0.9998065173307596,0.01720305628773415
0.98825563807602,1.9706475514236825,0.17236351980929948,0.9998065173307596,0.01720305628773415
0.9880491184533928,1.9656517257373278,0.17236351980929948,0.9998065173307596,0.01720305628773415
0.9878399433750797,1.9606855623964061,0.17236351980929948,0.9998065173307596,0.01720305628773415
0.9876280956912897,1.955748824163611,0.17236351980929948,0.9998065173307596,0.01720305628773415
0.9874135581316503,1.9508412761125333,0.17236351980929948,0.9998065173307596,0.01720305628773415
0.9871963132882554,1.9459626856209578,0.17236351980929948,0.9998065173307596,0.01720305628773415
0.9869763435997183,1.9411128223642728,0.17236351980929948,0.9998065173307596,0.01720305628773415
0.9867536313363121,1.9362914583083604,0.17236351980929948,0.9998065173307596,0.01720305628773415
0.986528158583918,1.9314983677023805,0.17236351980929948,0.9998065173307596,0.01720305628773415
0.9862999072295292,1.9267333270711737,0.17236351980929948,0.9998065173307596,0.01720305628773415
0.9860688589466918,1.9219961152072949,0.17236351980929948,0.9998065173307596,0.01720305628773415
0.9858349951812314,1.9172865131626597,0.17236351980929948,0.9998065173307596,0.01720305628773415
0.9855982971382584,1.91260430423978,0.17236351980929948,0.9998065173307596,0.01720305628773415
0.9853587457692513,1.9079492739824429,0.17236351980929948,0.9998065173307596,0.01720305628773415
0.9851163217594314,1.9033212101659935,0.17236351980929948,0.9998065173307596,0.01720305628773415
0.9848710055174319,1.898719902787053,0.17236351980929948,0.9998065173307596,0.01720305628773415
0.9846227771642982,1.8941451440525874,0.17236351980929948,0.9998065173307596,0.01720305628773415
0.9843716165230191,1.8895967283685609,0.17236351980929948,0.9998065173307596,0.01720305628773415
0.98411750311126,1.8850744523279328,0.17236351980929948,0.9998065173307596,0.01720305628773415
0.9838604161317103,1.8805781146979197,0.17236351980929948,0.9998065173307596,0.01720305628773415
0.9836003344665525,1.876107516406981,0.17236351980929948,0.9998065173307596,0.01720305628773415
0.9833372366711831,1.8716624605306664,0.17236351980929948,0.9998065173307596,0.01720305628773415
0.983071100968145,1.867242752277387,0.17236351980929948,0.9998065173307596,0.01720305628773415
0.9828019052449417,1.8628481989731203,0.17236351980929948,0.9998065173307596,0.01720305628773415
0.9825296270498384,1.8584786100457193,0.17236351980929948,0.9998065173307596,0.01720305628773415
0.9822542435900742,1.854133797008504,0.17236351980929948,0.9998065173307596,0.01720305628773415
0.9819757317319733,1.8498135734433092,0.17236351980929948,0.9998065173307596,0.01720305628773415
0.9816940680006121,1.8455177549827484,0.17236351980929948,0.9998065173307596,0.01720305628773415
0.9814092285812888,1.8412461592921132,0.17236351980929948,0.9998065173307596,0.01720305628773415
0.9811211893217071,1.8369986060504355,0.17236351980929948,0.9998065173307596,0.01720305628773415
0.9808299257350482,1.8327749169312517,0.17236351980929948,0.9998065173307596,0.01720305628773415
0.9805354130053895,1.8285749155825732,0.17236351980929948,0.9998065173307596,0.01720305628773415
0.9802376259928174,1.8243984276064753,0.17236351980929948,0.9998065173307596,0.01720305628773415
0.9799365392395878,1.8202452805380638,0.17236351980929948,0.9998065173307596,0.01720305628773415
0.9796321269773871,1.8161153038240998,0.17236351980929948,0.9998065173307596,0.01720305628773415
0.9793243631360632,1.8120083288010331,0.17236351980929948,0.9998065173307596,0.01720305628773415
0.9790132213519441,1.8079241886726996,0.17236351980929948,0.9998065173307596,0.01720305628773415
0.9786986749795976,1.8038627184876037,0.17236351980929948,0.9998065173307596,0.01720305628773415
0.9783806971012479,1.7998237551156906,0.17236351980929948,0.9998065173307596,0.01720305628773415
0.9780592605377718,1.795807137225043,0.17236351980929948,0.9998065173307596,0.01720305628773415
0.9777343378639144,1.7918127052580557,0.17236351980929948,0.9998065173307596,0.01720305628773415
0.9774059014182538,1.7878403014073059,0.17236351980929948,0.9998065173307596,0.01720305628773415
0.9770739233180038,1.7838897695914628,0.17236351980929948,0.9998065173307596,0.01720305628773415
0.9767383754741737,1.7799609554306084,0.17236351980929948,0.9998065173307596,0.01720305628773415
0.9763992296054937,1.776053706221686,0.17236351980929948,0.9998065173307596,0.01720305628773415
0.9760564572543698,1.772167870913569,0.17236351980929948,0.9998065173307596,0.01720305628773415
0.9757100298008374,1.768303300082204,0.17236351980929948,0.9998065173307596,0.01720305628773415
0.9753599184816065,1.7644598459056187,0.17236351980929948,0.9998065173307596,0.01720305628773415
0.9750060944050251,1.7606373621387248,0.17236351980929948,0.9998065173307596,0.01720305628773415
0.9746485285666113,1.7568357040883782,0.17236351980929948,0.9998065173307596,0.01720305628773415
0.974287191869702,1.753054728588267,0.17236351980929948,0.9998065173307596,0.01720305628773415
0.9739220551394995,1.7492942939737823,0.17236351980929948,0.9998065173307596,0.01720305628773415
0.9735530891409486,1.7455542600572544,0.17236351980929948,0.9998065173307596,0.01720305628773415
0.973180264598586,1.7418344881029655,0.17236351980929948,0.9998065173307596,0.01720305628773415
0.9728035522122788,1.7381348408024668,0.17236351980929948,0.9998065173307596,0.01720305628773415
0.9724229226740742,1.734455182250011,0.17236351980929948,0.9998065173307596,0.01720305628773415
0.9720383466873427,1.730795377918257,0.17236351980929948,0.9998065173307596,0.01720305628773415
0.9716497949853191,1.7271552946339948,0.17236351980929948,0.9998065173307596,0.01720305628773415
0.9712572383454243,1.7235348005542328,0.17236351980929948,0.9998065173307596,0.01720305628773415
0.9708606476089162,1.7199337651426032,0.17236351980929948,0.9998065173307596,0.01720305628773415
0.9704599936981902,1.7163520591458303,0.17236351980929948,0.9998065173307596,0.01720305628773415
0.9700552476323028,1.7127895545706984,0.17236351980929948,0.9998065173307596,0.01720305628773415
0.9696463805438391,1.7092461246612132,0.17236351980929948,0.9998065173307596,0.01720305628773415
0.9692333636964539,1.7057216438761982,0.17236351980929948,0.9998065173307596,0.01720305628773415
0.9688161685014045,1.7022159878670664,0.17236351980929948,0.9998065173307596,0.01720305628773415
0.9683947665296246,1.6987290334561034,0.17236351980929948,0.9998065173307596,0.01720305628773415
0.9679691295312384,1.695260658615178,0.17236351980929948,0.9998065173307596,0.01720305628773415
0.9675392294504936,1.6918107424445532,0.17236351980929948,0.9998065173307596,0.01720305628773415
0.9671050384365232,1.6883791651523934,0.17236351980929948,0.9998065173307596,0.01720305628773415
0.9666665288615721,1.6849658080345817,0.17236351980929948,0.9998065173307596,0.01720305628773415
0.9662236733330718,1.6815705534548337,0.17236351980929948,0.9998065173307596,0.01720305628773415
0.9657764447068562,1.6781932848254413,0.17236351980929948,0.9998065173307596,0.01720305628773415
0.9653248161009381,1.6748338865882377,0.17236351980929948,0.9998065173307596,0.01720305628773415
0.9648687609070756,1.6714922441961573,0.17236351980929948,0.9998065173307596,0.01720305628773415
0.9644082528034643,1.6681682440951073,0.17236351980929948,0.9998065173307596,0.01720305628773415
0.9639432657649906,1.6648617737063631,0.17236351980929948,0.9998065173307596,0.01720305628773415
0.9634737740759078,1.6615727214093732,0.17236351980929948,0.9998065173307596,0.01720305628773415
0.9629997523393673,1.6583009765249503,0.17236351980929948,0.9998065173307596,0.01720305628773415
0.9625211754864331,1.6550464292989995,0.17236351980929948,0.9998065173307596,0.01720305628773415
0.9620380187873565,1.6518089708866277,0.17236351980929948,0.9998065173307596,0.01720305628773415
0.9615502578598201,1.6485884933366617,0.17236351980929948,0.9998065173307596,0.01720305628773415
0.9610578686775145,1.6453848895766592,0.17236351980929948,0.9998065173307596,0.01720305628773415
0.960560827577586,1.6421980533982818,0.17236351980929948,0.9998065173307596,0.01720305628773415
0.9600591112684539,1.6390278794431823,0.17236351980929948,0.9998065173307596,0.01720305628773415
0.9595526968374987,1.6358742631892054,0.17236351980929948,0.9998065173307596,0.01720305628773415
0.9590415617570046,1.6327371009370795,0.17236351980929948,0.9998065173307596,0.01720305628773415
0.9585256838903004,1.6296162897974638,0.17236351980929948,0.9998065173307596,0.01720305628773415
0.958005041497745,1.626511727678442,0.17236351980929948,0.9998065173307596,0.01720305628773415
0.9574796132414037,1.6234233132733493,0.17236351980929948,0.9998065173307596,0.01720305628773415
0.9569493781904036,1.6203509460490646,0.17236351980929948,0.9998065173307596,0.01720305628773415
0.9564143158252543,1.6172945262345735,0.17236351980929948,0.9998065173307596,0.01720305628773415
0.9558744060406793,1.6142539548100074,0.17236351980929948,0.9998065173307596,0.01720305628773415
0.9553296291513261,1.6112291334959778,0.17236351980929948,0.9998065173307596,0.01720305628773415
0.9547799658935653,1.608219964743241,0.17236351980929948,0.9998065173307596,0.01720305628773415
0.9542253974276141,1.605226351722775,0.17236351980929948,0.9998065173307596,0.01720305628773415
0.9536659053418873,1.6022481983161436,0.17236351980929948,0.9998065173307596,0.01720305628773415
0.9531014716537782,1.5992854091061572,0.17236351980929948,0.9998065173307596,0.01720305628773415
0.9525320788113126,1.5963378893679179,0.17236351980929948,0.9998065173307596,0.01720305628773415
0.9519577096957429,1.5934055450600995,0.17236351980929948,0.9998065173307596,0.01720305628773415
0.9513783476220049,1.5904882828165505,0.17236351980929948,0.9998065173307596,0.01720305628773415
0.9507939763396562,1.5875860099381738,0.17236351980929948,0.9998065173307596,0.01720305628773415
0.9502045800337304,1.5846986343850848,0.17236351980929948,0.9998065173307596,0.01720305628773415
0.9496101433250879,1.5818260647690197,0.17236351980929948,0.9998065173307596,0.01720305628773415
0.9490106512700126,1.578968210346013,0.17236351980929948,0.9998065173307596,0.01720305628773415
0.9484060893612493,1.5761249810093194,0.17236351980929948,0.9998065173307596,0.01720305628773415
0.9477964435274039,1.5732962872825345,0.17236351980929948,0.9998065173307596,0.01720305628773415
0.9471817001310345,1.5704820403129882,0.17236351980929948,0.9998065173307596,0.01720305628773415
0.9465618459704307,1.567682151865348,0.17236351980929948,0.9998065173307596,0.01720305628773415
0.9459368682771854,1.5648965343153618,0.17236351980929948,0.9998065173307596,0.01720305628773415
0.9453067547152003,1.5621251006439136,0.17236351980929948,0.9998065173307596,0.01720305628773415
0.9446714933807995,1.559367764431153,0.17236351980929948,0.9998065173307596,0.01720305628773415
0.944031072800156,1.5566244398508842,0.17236351980929948,0.9998065173307596,0.01720305628773415
0.9433854819288322,1.5538950416650856,0.17236351980929948,0.9998065173307596,0.01720305628773415
0.9427347101499527,1.5511794852186112,0.17236351980929948,0.9998065173307596,0.01720305628773415
0.9420787472728339,1.5484776864340364,0.17236351980929948,0.9998065173307596,0.01720305628773415
0.9414175835307994,1.5457895618066593,0.17236351980929948,0.9998065173307596,0.01720305628773415
0.9407512095809485,1.5431150283996513,0.17236351980929948,0.9998065173307596,0.01720305628773415
0.9400796165009904,1.5404540038392902,0.17236351980929948,0.9998065173307596,0.01720305628773415
0.9394027957873603,1.5378064063104098,0.17236351980929948,0.9998065173307596,0.01720305628773415
0.9387207393546636,1.5351721545518784,0.17236351980929948,0.9998065173307596,0.01720305628773415
0.9380334395329268,1.532551167852247,0.17236351980929948,0.9998065173307596,0.01720305628773415
0.9373408890656909,1.5299433660454693,0.17236351980929948,0.9998065173307596,0.01720305628773415
0.9366430811083476,1.5273486695067566,0.17236351980929948,0.9998065173307596,0.01720305628773415
0.9359400092263421,1.5247669991484853,0.17236351980929948,0.9998065173307596,0.01720305628773415
0.9352316673922518,1.522198276416234,0.17236351980929948,0.9998065173307596,0.01720305628773415
0.9345180499853522,1.5196424232848849,0.17236351980929948,0.9998065173307596,0.01720305628773415
0.9337991517888689,1.5170993622547853,0.17236351980929948,0.9998065173307596,0.01720305628773415
0.9330749679878322,1.514569016348024,0.17236351980929948,0.9998065173307596,0.01720305628773415
0.9323454941674804,1.5120513091047396,0.17236351980929948,0.9998065173307596,0.01720305628773415
0.9316107263115592,1.5095461645795212,0.17236351980929948,0.9998065173307596,0.01720305628773415
0.9308706608004429,1.5070535073378382,0.17236351980929948,0.9998065173307596,0.01720305628773415
0.9301252944088293,1.5045732624525594,0.17236351980929948,0.9998065173307596,0.01720305628773415
0.9293746243044031,1.5021053555005015,0.17236351980929948,0.9998065173307596,0.01720305628773415
0.9286186480457042,1.4996497125590393,0.17236351980929948,0.9998065173307596,0.01720305628773415
0.9278573635808229,1.4972062602027565,0.17236351980929948,0.9998065173307596,0.01720305628773415
0.9270907692455566,1.494774925500136,0.17236351980929948,0.9998065173307596,0.01720305628773415
0.9263188637615334,1.4923556360102945,0.17236351980929948,0.9998065173307596,0.01720305628773415
0.9255416462346879,1.4899483197797552,0.17236351980929948,0.9998065173307596,0.01720305628773415
0.9247591161537266,1.487552905339251,0.17236351980929948,0.9998065173307596,0.01720305628773415
0.9239712733887426,1.4851693217005617,0.17236351980929948,0.9998065173307596,0.01720305628773415
0.9231781181896181,1.4827974983533752,0.17236351980929948,0.9998065173307596,0.01720305628773415
0.9223796511841547,1.480437365262184,0.17236351980929948,0.9998065173307596,0.01720305628773415
0.9215758733769872,1.4780888528632081,0.17236351980929948,0.9998065173307596,0.01720305628773415
0.9207667861485559,1.4757518920613326,0.17236351980929948,0.9998065173307596,0.01720305628773415
0.9199523912530594,1.4734264142270694,0.17236351980929948,0.9998065173307596,0.01720305628773415
0.9191326908176422,1.4711123511935515,0.17236351980929948,0.9998065173307596,0.01720305628773415
0.9183076873409642,1.468809635253525,0.17236351980929948,0.9998065173307596,0.01720305628773415
0.9174773836918423,1.4665181991563816,0.17236351980929948,0.9998065173307596,0.01720305628773415
0.9166417831079702,1.464237976105188,0.17236351980929948,0.9998065173307596,0.01720305628773415
0.9158008891951129,1.4619688997537523,0.17236351980929948,0.9998065173307596,0.01720305628773415
0.9149547059257709,1.4597109042036756,0.17236351980929948,0.9998065173307596,0.01720305628773415
0.914103237637805,1.4574639240014502,0.17236351980929948,0.9998065173307596,0.01720305628773415
0.9132464890337065,1.4552278941355432,0.17236351980929948,0.9998065173307596,0.01720305628773415
0.9123844651791116,1.4530027500335125,0.17236351980929948,0.9998065173307596,0.01720305628773415
0.9115171715021372,1.450788427559121,0.17236351980929948,0.9998065173307596,0.01720305628773415
0.9106446137921089,1.4485848630094689,0.17236351980929948,0.9998065173307596,0.01720305628773415
0.9097667981986068,1.4463919931121343,0.17236351980929948,0.9998065173307596,0.01720305628773415
0.9088837312302438,1.4442097550223245,0.17236351980929948,0.9998065173307596,0.01720305628773415
0.9079954197540651,1.4420380863200397,0.17236351980929948,0.9998065173307596,0.01720305628773415
0.9071018709940989,1.4398769250072379,0.17236351980929948,0.9998065173307596,0.01720305628773415
0.9062030925306432,1.4377262095050245,0.17236351980929948,0.9998065173307596,0.01720305628773415
0.9052990922991291,1.4355858786508324,0.17236351980929948,0.9998065173307596,0.01720305628773415
0.9043898785891171,1.433455871695632,0.17236351980929948,0.9998065173307596,0.01720305628773415
0.9034754600435747,1.431336128301129,0.17236351980929948,0.9998065173307596,0.01720305628773415
0.9025558456574134,1.4292265885369881,0.17236351980929948,0.9998065173307596,0.01720305628773415
0.9016310447767465,1.4271271928780578,0.17236351980929948,0.9998065173307596,0.01720305628773415
0.9007010670978174,1.4250378822016065,0.17236351980929948,0.9998065173307596,0.01720305628773415
0.8997659226661738,1.4229585977845662,0.17236351980929948,0.9998065173307596,0.01720305628773415
0.8988256218751898,1.420889281300786,0.17236351980929948,0.9998065173307596,0.01720305628773415
0.8978801754652365,1.4188298748182981,0.17236351980929948,0.9998065173307596,0.01720305628773415
0.8969295945226553,1.4167803207965872,0.17236351980929948,0.9998065173307596,0.01720305628773415
0.8959738904785721,1.4147405620838758,0.17236351980929948,0.9998065173307596,0.01720305628773415
0.8950130751078337,1.4127105419144137,0.17236351980929948,0.9998065173307596,0.01720305628773415
0.8940471605276155,1.4106902039057818,0.17236351980929948,0.9998065173307596,0.01720305628773415
0.8930761591965484,1.4086794920562042,0.17236351980929948,0.9998065173307596,0.01720305628773415
0.8921000839134027,1.4066783507418699,0.17236351980929948,0.9998065173307596,0.01720305628773415
0.8911189478157177,1.404686724714266,0.17236351980929948,0.9998065173307596,0.01720305628773415
0.8901327643787836,1.4027045590975218,0.17236351980929948,0.9998065173307596,0.01720305628773415
0.8891415474140866,1.4007317993857618,0.17236351980929948,0.9998065173307596,0.01720305628773415
0.8881453110679339,1.3987683914404745,0.17236351980929948,0.9998065173307596,0.01720305628773415
0.8871440698204569,1.3968142814878874,0.17236351980929948,0.9998065173307596,0.01720305628773415
0.8861378384839117,1.3948694161163548,0.17236351980929948,0.9998065173307596,0.01720305628773415
0.8851266322011344,1.39293374227376,0.17236351980929948,0.9998065173307596,0.01720305628773415
0.8841104664442553,1.3910072072649269,0.17236351980929948,0.9998065173307596,0.01720305628773415
0.8830893570130647,1.389089758749045,0.17236351980929948,0.9998065173307596,0.01720305628773415
0.882063320033431,1.387181344737106,0.17236351980929948,0.9998065173307596,0.01720305628773415
0.8810323719558655,1.3852819135893544,0.17236351980929948,0.9998065173307596,0.01720305628773415
0.8799965295535475,1.3833914140127475,0.17236351980929948,0.9998065173307596,0.01720305628773415
0.8789558099207241,1.3815097950584345,0.17236351980929948,0.9998065173307596,0.01720305628773415
0.8779102304711889,1.3796370061192424,0.17236351980929948,0.9998065173307596,0.01720305628773415
0.876859808936173,1.3777729969271804,0.17236351980929948,0.9998065173307596,0.01720305628773415
0.8758045633626338,1.375917717550953,0.17236351980929948,0.9998065173307596,0.01720305628773415
0.8747445121114419,1.374071118393492,0.17236351980929948,0.9998065173307596,0.01720305628773415
0.8736796738553539,1.372233150189498,0.17236351980929948,0.9998065173307596,0.01720305628773415
0.872610067576867,1.3704037640029991,0.17236351980929948,0.9998065173307596,0.01720305628773415
0.8715357125665476,1.3685829112249233,0.17236351980929948,0.9998065173307596,0.01720305628773415
0.8704566284207745,1.3667705435706816,0.17236351980929948,0.9998065173307596,0.01720305628773415
0.8693728350395038,1.3649666130777725,0.17236351980929948,0.9998065173307596,0.01720305628773415
0.8682843526242351,1.3631710721033934,0.17236351980929948,0.9998065173307596,0.01720305628773415
0.8671912016757266,1.3613838733220744,0.17236351980929948,0.9998065173307596,0.01720305628773415
0.8660934029918126,1.3596049697233201,0.17236351980929948,0.9998065173307596,0.01720305628773415
0.8649909776650471,1.3578343146092717,0.17236351980929948,0.9998065173307596,0.01720305628773415
0.863883947080234,1.3560718615923797,0.17236351980929948,0.9998065173307596,0.01720305628773415
0.8627723329121724,1.3543175645930963,0.17236351980929948,0.9998065173307596,0.01720305628773415
0.8616561571232104,1.352571377837579,0.17236351980929948,0.9998065173307596,0.01720305628773415
0.8605354419605348,1.3508332558554117,0.17236351980929948,0.9998065173307596,0.01720305628773415
0.8594102099539106,1.3491031534773419,0.17236351980929948,0.9998065173307596,0.01720305628773415
0.8582804839129684,1.3473810258330299,0.17236351980929948,0.9998065173307596,0.01720305628773415
0.8571462869244051,1.3456668283488176,0.17236351980929948,0.9998065173307596,0.01720305628773415
0.8560076423496303,1.3439605167455102,0.17236351980929948,0.9998065173307596,0.01720305628773415
0.8548645738218282,1.3422620470361741,0.17236351980929948,0.9998065173307596,0.01720305628773415
0.8537171052431816,1.3405713755239514,0.17236351980929948,0.9998065173307596,0.01720305628773415
0.85256526078231,1.338888458799888,0.17236351980929948,0.9998065173307596,0.01720305628773415
0.8514090648711441,1.337213253740778,0.17236351980929948,0.9998065173307596,0.01720305628773415
0.8502485422020306,1.3355457175070264,0.17236351980929948,0.9998065173307596,0.01720305628773415
0.8490837177251885,1.333885807540524,0.17236351980929948,0.9998065173307596,0.01720305628773415
0.8479146166453605,1.3322334815625376,0.17236351980929948,0.9998065173307596,0.01720305628773415
0.8467412644188567,1.3305886975716203,0.17236351980929948,0.9998065173307596,0.01720305628773415
0.8455636867507892,1.3289514138415324,0.17236351980929948,0.9998065173307596,0.01720305628773415
0.8443819095916578,1.3273215889191805,0.17236351980929948,0.9998065173307596,0.01720305628773415
0.8431959591344831,1.3256991816225727,0.17236351980929948,0.9998065173307596,0.01720305628773415
0.8420058618116139,1.3240841510387862,0.17236351980929948,0.9998065173307596,0.01720305628773415
0.8408116442914016,1.322476456521955,0.17236351980929948,0.9998065173307596,0.01720305628773415
0.8396133334751433,1.3208760576912684,0.17236351980929948,0.9998065173307596,0.01720305628773415
0.838410956493923,1.3192829144289886,0.17236351980929948,0.9998065173307596,0.01720305628773415
0.8372045407050855,1.3176969868784816,0.17236351980929948,0.9998065173307596,0.01720305628773415
0.8359941136890514,1.3161182354422638,0.17236351980929948,0.9998065173307596,0.01720305628773415
0.8347797032462225,1.314546620780065,0.17236351980929948,0.9998065173307596,0.01720305628773415
0.8335613373932131,1.3129821038069038,0.17236351980929948,0.9998065173307596,0.01720305628773415
0.8323390443597186,1.3114246456911827,0.17236351980929948,0.9998065173307596,0.01720305628773415
0.8311128525851013,1.3098742078527934,0.17236351980929948,0.9998065173307596,0.01720305628773415
0.8298827907148666,1.3083307519612404,0.17236351980929948,0.9998065173307596,0.01720305628773415
0.8286488875973472,1.306794239933778,0.17236351980929948,0.9998065173307596,0.01720305628773415
0.827411172280012,1.3052646339335632,0.17236351980929948,0.9998065173307596,0.01720305628773415
0.8261696740061668,1.3037418963678222,0.17236351980929948,0.9998065173307596,0.01720305628773415
0.824924422211259,1.3022259898860329,0.17236351980929948,0.9998065173307596,0.01720305628773415
0.823675446519522,1.300716877378121,0.17236351980929948,0.9998065173307596,0.01720305628773415
0.8224227767404028,1.299214521972671,0.17236351980929948,0.9998065173307596,0.01720305628773415
0.821166442864689,1.2977188870351513,0.17236351980929948,0.9998065173307596,0.01720305628773415
0.8199064750611739,1.2962299361661556,0.17236351980929948,0.9998065173307596,0.01720305628773415
0.8186429036731604,1.2947476331996557,0.17236351980929948,0.9998065173307596,0.01720305628773415
0.8173757592146863,1.2932719422012695,0.17236351980929948,0.9998065173307596,0.01720305628773415
0.8161050723666817,1.2918028274665445,0.17236351980929948,0.9998065173307596,0.01720305628773415
0.8148308739735787,1.2903402535192543,0.17236351980929948,0.9998065173307596,0.01720305628773415
0.8135531950397531,1.2888841851097084,0.17236351980929948,0.9998065173307596,0.01720305628773415
0.8122720667256264,1.2874345872130761,0.17236351980929948,0.9998065173307596,0.01720305628773415
0.8109875203439975,1.2859914250277253,0.17236351980929948,0.9998065173307596,0.01720305628773415
0.8096995873564864,1.2845546639735732,0.17236351980929948,0.9998065173307596,0.01720305628773415
0.8084082993696564,1.2831242696904521,0.17236351980929948,0.9998065173307596,0.01720305628773415
0.8071136881315075,1.2817002080364877,0.17236351980929948,0.9998065173307596,0.01720305628773415
0.8058157855278276,1.2802824450864903,0.17236351980929948,0.9998065173307596,0.01720305628773415
0.8045146235779861,1.27887094713036,0.17236351980929948,0.9998065173307596,0.01720305628773415
0.8032102344318262,1.2774656806715068,0.17236351980929948,0.9998065173307596,0.01720305628773415
0.8019026503657277,1.276066612425278,0.17236351980929948,0.9998065173307596,0.01720305628773415
0.8005919037786493,1.2746737093174059,0.17236351980929948,0.9998065173307596,0.01720305628773415
0.7992780271887746,1.2732869384824625,0.17236351980929948,0.9998065173307596,0.01720305628773415
0.7979610532294994,1.2719062672623305,0.17236351980929948,0.9998065173307596,0.01720305628773415
0.7966410146459475,1.2705316632046846,0.17236351980929948,0.9998065173307596,0.01720305628773415
0.7953179442911418,1.2691630940614866,0.17236351980929948,0.9998065173307596,0.01720305628773415
0.7939918751221335,1.2678005277874924,0.17236351980929948,0.9998065173307596,0.01720305628773415
0.7926628401966367,1.2664439325387724,0.17236351980929948,0.9998065173307596,0.01720305628773415
0.7913308726690864,1.2650932766712417,0.17236351980929948,0.9998065173307596,0.01720305628773415
0.7899960057868518,1.263748528739205,0.17236351980929948,0.9998065173307596,0.01720305628773415
0.7886582728868978,1.262409657493912,0.17236351980929948,0.9998065173307596,0.01720305628773415
0.7873177073916785,1.2610766318821252,0.17236351980929948,0.9998065173307596,0.01720305628773415
0.7859743428057504,1.2597494210446991,0.17236351980929948,0.9998065173307596,0.01720305628773415
0.784628212712069,1.258427994315172,0.17236351980929948,0.9998065173307596,0.01720305628773415
0.7832793507679883,1.257112321218368,0.17236351980929948,0.9998065173307596,0.01720305628773415
0.7819277907021631,1.255802371469012,0.17236351980929948,0.9998065173307596,0.01720305628773415
0.7805735663106461,1.2544981149703551,0.17236351980929948,0.9998065173307596,0.01720305628773415
0.7792167114529738,1.2531995218128111,0.17236351980929948,0.9998065173307596,0.01720305628773415
0.7778572600490358,1.251906562272606,0.17236351980929948,0.9998065173307596,0.01720305628773415
0.7764952460752053,1.2506192068104351,0.17236351980929948,0.9998065173307596,0.01720305628773415
0.7751307035607087,1.249337426070136,0.17236351980929948,0.9998065173307596,0.01720305628773415
0.7737636665842208,1.2480611908773676,0.17236351980929948,0.9998065173307596,0.01720305628773415
0.7723941692702178,1.2467904722383032,0.17236351980929948,0.9998065173307596,0.01720305628773415
0.7710222457855339,1.2455252413383324,0.17236351980929948,0.9998065173307596,0.01720305628773415
0.769647930335449,1.2442654695407758,0.17236351980929948,0.9998065173307596,0.01720305628773415
0.7682712571607466,1.2430111283856076,0.17236351980929948,0.9998065173307596,0.01720305628773415
0.7668922605339414,1.2417621895881898,0.17236351980929948,0.9998065173307596,0.01720305628773415
0.7655109747555909,1.240518625038018,0.17236351980929948,0.9998065173307596,0.01720305628773415
0.7641274341511697,1.2392804067974754,0.17236351980929948,0.9998065173307596,0.01720305628773415
0.7627416730675974,1.238047507100598,0.17236351980929948,0.9998065173307596,0.01720305628773415
0.7613537258697551,1.2368198983518497,0.17236351980929948,0.9998065173307596,0.01720305628773415
0.7599636269369872,1.235597553124907,0.17236351980929948,0.9998065173307596,0.01720305628773415
0.7585714106599197,1.2343804441614548,0.17236351980929948,0.9998065173307596,0.01720305628773415
0.7571771114368494,1.2331685443699898,0.17236351980929948,0.9998065173307596,0.01720305628773415
0.7557807636707495,1.2319618268246366,0.17236351980929948,0.9998065173307596,0.01720305628773415
0.754382401765917,1.2307602647639706,0.17236351980929948,0.9998065173307596,0.01720305628773415
0.7529820601242824,1.2295638315898512,0.17236351980929948,0.9998065173307596,0.01720305628773415
0.7515797731427208,1.228372500866266,0.17236351980929948,0.9998065173307596,0.01720305628773415
0.7501755752094029,1.227186246318182,0.17236351980929948,0.9998065173307596,0.01720305628773415
0.7487695007006263,1.2260050418304083,0.17236351980929948,0.9998065173307596,0.01720305628773415
0.7473615839779667,1.224828861446466,0.17236351980929948,0.9998065173307596,0.01720305628773415
0.745951859384855,1.2236576793674687,0.17236351980929948,0.9998065173307596,0.01720305628773415
0.7445403612433752,1.222491469951011,0.17236351980929948,0.9998065173307596,0.01720305628773415
0.7431271238513293,1.2213302077100667,0.17236351980929948,0.9998065173307596,0.01720305628773415
0.7417121814791233,1.2201738673118951,0.17236351980929948,0.9998065173307596,0.01720305628773415
0.7402955683665738,1.2190224235769573,0.17236351980929948,0.9998065173307596,0.01720305628773415
0.7388773187202814,1.2178758514778398,0.17236351980929948,0.9998065173307596,0.01720305628773415
0.7374574667101026,1.216734126138187,0.17236351980929948,0.9998065173307596,0.01720305628773415
0.7360360464664848,1.2155972228316434,0.17236351980929948,0.9998065173307596,0.01720305628773415
0.7346130920776721,1.2144651169808025,0.17236351980929948,0.9998065173307596,0.01720305628773415
0.7331886375863479,1.213337784156166,0.17236351980929948,0.9998065173307596,0.01720305628773415
0.7317627169872989,1.21221520007511,0.17236351980929948,0.9998065173307596,0.01720305628773415
0.7303353642241556,1.2110973406008587,0.17236351980929948,0.9998065173307596,0.01720305628773415
0.7289066131865717,1.209984181741469,0.17236351980929948,0.9998065173307596,0.01720305628773415
0.7274764977079453,1.2088756996488201,0.17236351980929948,0.9998065173307596,0.01720305628773415
0.7260450515620086,1.2077718706176135,0.17236351980929948,0.9998065173307596,0.01720305628773415
0.7246123084604839,1.2066726710843794,0.17236351980929948,0.9998065173307596,0.01720305628773415
0.7231783020501966,1.2055780776264913,0.17236351980929948,0.9998065173307596,0.01720305628773415
0.7217430659106481,1.20448806696119,0.17236351980929948,0.9998065173307596,0.01720305628773415
0.7203066335512964,1.2034026159446114,0.17236351980929948,0.9998065173307596,0.01720305628773415
0.7188690384085721,1.2023217015708274,0.17236351980929948,0.9998065173307596,0.01720305628773415
0.7174303138439551,1.2012453009708897,0.17236351980929948,0.9998065173307596,0.01720305628773415
0.7159904931409726,1.200173391411883,0.17236351980929948,0.9998065173307596,0.01720305628773415
0.7145496095029249,1.1991059502959867,0.17236351980929948,0.9998065173307596,0.01720305628773415
0.7131076960502722,1.1980429551595413,0.17236351980929948,0.9998065173307596,0.01720305628773415
0.7116647858181319,1.196984383672125,0.17236351980929948,0.9998065173307596,0.01720305628773415
0.7102209117542095,1.1959302136356358,0.17236351980929948,0.9998065173307596,0.01720305628773415
0.7087761067162127,1.1948804229833812,0.17236351980929948,0.9998065173307596,0.01720305628773415
0.7073304034691675,1.1938349897791745,0.17236351980929948,0.9998065173307596,0.01720305628773415
0.7058838346836592,1.1927938922164405,0.17236351980929948,0.9998065173307596,0.01720305628773415
0.7044364329333775,1.191757108617324,0.17236351980929948,0.9998065173307596,0.01720305628773415
0.7029882306927425,1.19072461743181,0.17236351980929948,0.9998065173307596,0.01720305628773415
0.7015392603349166,1.1896963972368466,0.17236351980929948,0.9998065173307596,0.01720305628773415
0.7000895541292381,1.1886724267354776,0.17236351980929948,0.9998065173307596,0.01720305628773415
0.6986391442395669,1.187652684755981,0.17236351980929948,0.9998065173307596,0.01720305628773415
0.6971880627217294,1.186637150251013,0.17236351980929948,0.9998065173307596,0.01720305628773415
0.6957363415217229,1.185625802296761,0.17236351980929948,0.9998065173307596,0.01720305628773415
0.6942840124737789,1.1846186200921005,0.17236351980929948,0.9998065173307596,0.01720305628773415
0.692831107297838,1.1836155829577613,0.17236351980929948,0.9998065173307596,0.01720305628773415
0.6913776575981798,1.1826166703354974,0.17236351980929948,0.9998065173307596,0.01720305628773415
0.6899236948611154,1.1816218617872656,0.17236351980929948,0.9998065173307596,0.01720305628773415
0.6884692504529274,1.1806311369944087,0.17236351980929948,0.9998065173307596,0.01720305628773415
0.687014355618605,1.179644475756847,0.17236351980929948,0.9998065173307596,0.01720305628773415
0.6855590414794808,1.1786618579922732,0.17236351980929948,0.9998065173307596,0.01720305628773415
0.6841033390314856,1.1776832637353567,0.17236351980929948,0.9998065173307596,0.01720305628773415
0.6826472791434144,1.1767086731369516,0.17236351980929948,0.9998065173307596,0.01720305628773415
0.6811908925552498,1.175738066463312,0.17236351980929948,0.9998065173307596,0.01720305628773415
0.6797342098765696,1.1747714240953124,0.17236351980929948,0.9998065173307596,0.01720305628773415
0.6782772615845535,1.1738087265276758,0.17236351980929948,0.9998065173307596,0.01720305628773415
0.6768200780224508,1.172849954368205,0.17236351980929948,0.9998065173307596,0.01720305628773415
0.6753626893980894,1.171895088337023,0.17236351980929948,0.9998065173307596,0.01720305628773415
0.6739051257823241,1.1709441092658164,0.17236351980929948,0.9998065173307596,0.01720305628773415
0.6724474171071176,1.1699969980970861,0.17236351980929948,0.9998065173307596,0.01720305628773415
0.670989593164497,1.1690537358834039,0.17236351980929948,0.9998065173307596,0.01720305628773415
0.6695316836049063,1.1681143037866728,0.17236351980929948,0.9998065173307596,0.01720305628773415
0.668073717935459,1.1671786830773963,0.17236351980929948,0.9998065173307596,0.01720305628773415
0.666615725519006,1.1662468551339498,0.17236351980929948,0.9998065173307596,0.01720305628773415
0.6651577355724106,1.1653188014418596,0.17236351980929948,0.9998065173307596,0.01720305628773415
0.663699777165359,1.1643945035930876,0.17236351980929948,0.9998065173307596,0.01720305628773415
0.6622418792190562,1.1634739432853192,0.17236351980929948,0.9998065173307596,0.01720305628773415
0.6607840705045467,1.1625571023212589,0.17236351980929948,0.9998065173307596,0.01720305628773415
0.659326379642199,1.1616439626079313,0.17236351980929948,0.9998065173307596,0.01720305628773415
0.6578688350997849,1.1607345061559844,0.17236351980929948,0.9998065173307596,0.01720305628773415
0.6564114651915198,1.1598287150790023,0.17236351980929948,0.9998065173307596,0.01720305628773415
0.654954298077196,1.15892657159282,0.17236351980929948,0.9998065173307596,0.01720305628773415
0.6534973617605149,1.1580280580148445,0.17236351980929948,0.9998065173307596,0.01720305628773415
0.6520406840883154,1.1571331567633816,0.17236351980929948,0.9998065173307596,0.01720305628773415
0.6505842927493932,1.1562418503569665,0.17236351980929948,0.9998065173307596,0.01720305628773415
0.6491282152737001,1.1553541214137002,0.17236351980929948,0.9998065173307596,0.01720305628773415
0.6476724790309445,1.154469952650591,0.17236351980929948,0.9998065173307596,0.01720305628773415
0.6462171112297461,1.1535893268829007,0.17236351980929948,0.9998065173307596,0.01720305628773415
0.6447621389169523,1.1527122270234955,0.17236351980929948,0.9998065173307596,0.01720305628773415
0.6433075889763404,1.151838636082202,0.17236351980929948,0.9998065173307596,0.01720305628773415
0.64185348812777,1.1509685371651681,0.17236351980929948,0.9998065173307596,0.01720305628773415
0.6403998629267713,1.1501019134742292,0.17236351980929948,0.9998065173307596,0.01720305628773415
0.6389467397630207,1.149238748306277,0.17236351980929948,0.9998065173307596,0.01720305628773415
0.637494144859991,1.1483790250526364,0.17236351980929948,0.9998065173307596,0.01720305628773415
0.6360421042741254,1.1475227271984443,0.17236351980929948,0.9998065173307596,0.01720305628773415
0.6345906438938508,1.1466698383220335,0.17236351980929948,0.9998065173307596,0.01720305628773415
0.6331397894393166,1.145820342094323,0.17236351980929948,0.9998065173307596,0.01720305628773415
0.6316895664610107,1.1449742222782098,0.17236351980929948,0.9998065173307596,0.01720305628773415
0.6302400003397818,1.1441314627279686,0.17236351980929948,0.9998065173307596,0.01720305628773415
0.628791116285869,1.1432920473886532,0.17236351980929948,0.9998065173307596,0.01720305628773415
0.6273429393381174,1.1424559602955038,0.17236351980929948,0.9998065173307596,0.01720305628773415
0.6258954943638301,1.141623185573358,0.17236351980929948,0.9998065173307596,0.01720305628773415
0.6244488060578988,1.1407937074360672,0.17236351980929948,0.9998065173307596,0.01720305628773415
0.6230028989423464,1.1399675101859161,0.17236351980929948,0.9998065173307596,0.01720305628773415
0.6215577973658526,1.139144578213047,0.17236351980929948,0.9998065173307596,0.01720305628773415
0.6201135255029994,1.1383248959948884,0.17236351980929948,0.9998065173307596,0.01720305628773415
0.6186701073544404,1.1375084480955886,0.17236351980929948,0.9998065173307596,0.01720305628773415
0.6172275667458746,1.1366952191654514,0.17236351980929948,0.9998065173307596,0.01720305628773415
0.6157859273276263,1.1358851939403782,0.17236351980929948,0.9998065173307596,0.01720305628773415
0.6143452125751742,1.1350783572413132,0.17236351980929948,0.9998065173307596,0.01720305628773415
0.6129054457873709,1.134274693973692,0.17236351980929948,0.9998065173307596,0.01720305628773415
0.6114666500869983,1.1334741891268967,0.17236351980929948,0.9998065173307596,0.01720305628773415
0.6100288484208817,1.1326768277737111,0.17236351980929948,0.9998065173307596,0.01720305628773415
0.608592063558313,1.1318825950697837,0.17236351980929948,0.9998065173307596,0.01720305628773415
0.6071563180917748,1.1310914762530933,0.17236351980929948,0.9998065173307596,0.01720305628773415
0.6057216344365927,1.1303034566434167,0.17236351980929948,0.9998065173307596,0.01720305628773415
0.6042880348304708,1.1295185216418038,0.17236351980929948,0.9998065173307596,0.01720305628773415
0.6028555413332658,1.1287366567300532,0.17236351980929948,0.9998065173307596,0.01720305628773415
0.6014241758270676,1.1279578474701946,0.17236351980929948,0.9998065173307596,0.01720305628773415
0.5999939600159618,1.1271820795039713,0.17236351980929948,0.9998065173307596,0.01720305628773415
0.5985649154256762,1.126409338552331,0.17236351980929948,0.9998065173307596,0.01720305628773415
0.597137063404036,1.1256396104149171,0.17236351980929948,0.9998065173307596,0.01720305628773415
0.5957104251200969,1.1248728809695638,0.17236351980929948,0.9998065173307596,0.01720305628773415
0.5942850215648577,1.124109136171797,0.17236351980929948,0.9998065173307596,0.01720305628773415
0.5928608735507862,1.123348362054336,0.17236351980929948,0.9998065173307596,0.01720305628773415
0.5914380017114629,1.122590544726603,0.17236351980929948,0.9998065173307596,0.01720305628773415
0.5900164265026816,1.1218356703742303,0.17236351980929948,0.9998065173307596,0.01720305628773415
0.5885961682014663,1.1210837252585764,0.17236351980929948,0.9998065173307596,0.01720305628773415
0.5871772469061896,1.1203346957162432,0.17236351980929948,0.9998065173307596,0.01720305628773415
0.5857596825372587,1.1195885681585966,0.17236351980929948,0.9998065173307596,0.01720305628773415
0.5843434948366011,1.1188453290712912,0.17236351980929948,0.9998065173307596,0.01720305628773415
0.5829287033679557,1.1181049650137986,0.17236351980929948,0.9998065173307596,0.01720305628773415
0.5815153275172615,1.1173674626189387,0.17236351980929948,0.9998065173307596,0.01720305628773415
0.580103386492295,1.116632808592413,0.17236351980929948,0.9998065173307596,0.01720305628773415
0.5786928993230546,1.1159009897123457,0.17236351980929948,0.9998065173307596,0.01720305628773415
0.5772838848619942,1.1151719928288222,0.17236351980929948,0.9998065173307596,0.01720305628773415
0.5758763617841264,1.1144458048634358,0.17236351980929948,0.9998065173307596,0.01720305628773415
0.5744703485873573,1.113722412808835,0.17236351980929948,0.9998065173307596,0.01720305628773415
0.5730658635925052,1.113001803728275,0.17236351980929948,0.9998065173307596,0.01720305628773415
0.5716629249437002,1.112283964755172,0.17236351980929948,0.9998065173307596,0.01720305628773415
0.5702615506085721,1.1115688830926616,0.17236351980929948,0.9998065173307596,0.01720305628773415
0.5688617583783636,1.1108565460131588,0.17236351980929948,0.9998065173307596,0.01720305628773415
0.5674635658687306,1.1101469408579234,0.17236351980929948,0.9998065173307596,0.01720305628773415
0.566066990519438,1.1094400550366257,0.17236351980929948,0.9998065173307596,0.01720305628773415
0.56467204959495,1.1087358760269184,0.17236351980929948,0.9998065173307596,0.01720305628773415
0.5632787601851332,1.1080343913740083,0.17236351980929948,0.9998065173307596,0.01720305628773415
0.5618871392047066,1.1073355886902343,0.17236351980929948,0.9998065173307596,0.01720305628773415
0.5604972033943003,1.1066394556546464,0.17236351980929948,0.9998065173307596,0.01720305628773415
0.5591089693207326,1.1059459800125877,0.17236351980929948,0.9998065173307596,0.01720305628773415
0.5577224533774824,1.1052551495752811,0.17236351980929948,0.9998065173307596,0.01720305628773415
0.5563376717847646,1.104566952219416,0.17236351980929948,0.9998065173307596,0.01720305628773415
0.5549546405901056,1.1038813758867414,0.17236351980929948,0.9998065173307596,0.01720305628773415
0.5535733756688443,1.103198408583659,0.17236351980929948,0.9998065173307596,0.01720305628773415
0.5521938927245443,1.102518038380822,0.17236351980929948,0.9998065173307596,0.01720305628773415
0.5508162072897985,1.1018402534127323,0.17236351980929948,0.9998065173307596,0.01720305628773415
0.5494403347257406,1.1011650418773462,0.17236351980929948,0.9998065173307596,0.01720305628773415
0.548066290223349,1.1004923920356795,0.17236351980929948,0.9998065173307596,0.01720305628773415
0.5466940888041382,1.099822292211415,0.17236351980929948,0.9998065173307596,0.01720305628773415
0.5453237453198748,1.0991547307905143,0.17236351980929948,0.9998065173307596,0.01720305628773415
0.543955274453642,1.0984896962208326,0.17236351980929948,0.9998065173307596,0.01720305628773415
0.5425886907200214,1.0978271770117343,0.17236351980929948,0.9998065173307596,0.01720305628773415
0.5412240084661569,1.097167161733714,0.17236351980929948,0.9998065173307596,0.01720305628773415
0.5398612418720466,1.0965096390180165,0.17236351980929948,0.9998065173307596,0.01720305628773415
0.5385004049505303,1.0958545975562641,0.17236351980929948,0.9998065173307596,0.01720305628773415
0.5371415115489856,1.095202026100083,0.17236351980929948,0.9998065173307596,0.01720305628773415
0.53578457534915,1.0945519134607324,0.17236351980929948,0.9998065173307596,0.01720305628773415
0.5344296098676714,1.0939042485087396,0.17236351980929948,0.9998065173307596,0.01720305628773415
0.5330766284572045,1.0932590201735333,0.17236351980929948,0.9998065173307596,0.01720305628773415
0.5317256443067233,1.092616217443082,0.17236351980929948,0.9998065173307596,0.01720305628773415
0.5303766704420815,1.0919758293635358,0.17236351980929948,0.9998065173307596,0.01720305628773415
0.5290297197269189,1.0913378450388673,0.17236351980929948,0.9998065173307596,0.01720305628773415
0.5276848048631452,1.0907022536305182,0.17236351980929948,0.9998065173307596,0.01720305628773415
0.5263419383912755,1.0900690443570473,0.17236351980929948,0.9998065173307596,0.01720305628773415
0.5250011326919364,1.089438206493781,0.17236351980929948,0.9998065173307596,0.01720305628773415
0.5236623999857258,1.0888097293724652,0.17236351980929948,0.9998065173307596,0.01720305628773415
0.5223257523339071,1.0881836023809222,0.17236351980929948,0.9998065173307596,0.01720305628773415
0.5209912016400033,1.087559814962707,0.17236351980929948,0.9998065173307596,0.01720305628773415
0.5196587596495186,1.0869383566167683,0.17236351980929948,0.9998065173307596,0.01720305628773415
0.5183284379510706,1.0863192168971099,0.17236351980929948,0.9998065173307596,0.01720305628773415
0.5170002479767842,1.0857023854124568,0.17236351980929948,0.9998065173307596,0.01720305628773415
0.5156742010033697,1.0850878518259222,0.17236351980929948,0.9998065173307596,0.01720305628773415
0.5143503081531289,1.0844756058546758,0.17236351980929948,0.9998065173307596,0.01720305628773415
0.5130285803937313,1.0838656372696167,0.17236351980929948,0.9998065173307596,0.01720305628773415
0.511709028539709,1.0832579358950472,0.17236351980929948,0.9998065173307596,0.01720305628773415
0.5103916632532076,1.0826524916083484,0.17236351980929948,0.9998065173307596,0.01720305628773415
0.5090764950441928,1.08204929433966,0.17236351980929948,0.9998065173307596,0.01720305628773415
0.507763534271672,1.0814483340715602,0.17236351980929948,0.9998065173307596,0.01720305628773415
0.506452791144451,1.0808496008387487,0.17236351980929948,0.9998065173307596,0.01720305628773415
0.5051442757216328,1.0802530847277325,0.17236351980929948,0.9998065173307596,0.01720305628773415
0.5038379979137769,1.0796587758765122,0.17236351980929948,0.9998065173307596,0.01720305628773415
0.5025339674831448,1.0790666644742724,0.17236351980929948,0.9998065173307596,0.01720305628773415
0.5012321940450144,1.078476740761073,0.17236351980929948,0.9998065173307596,0.01720305628773415
0.4999326870681818,1.0778889950275428,0.17236351980929948,0.9998065173307596,0.01720305628773415
0.4986354558755255,1.0773034176145762,0.17236351980929948,0.9998065173307596,0.01720305628773415
0.49734050964597476,1.0767199989130298,0.17236351980929948,0.9998065173307596,0.01720305628773415
0.496047857413631,1.076138729363423,0.17236351980929948,0.9998065173307596,0.01720305628773415
0.4947575080694384,1.0755595994556408,0.17236351980929948,0.9998065173307596,0.01720305628773415
0.49346947036242833,1.0749825997286373,0.17236351980929948,0.9998065173307596,0.01720305628773415
0.492183752899727,1.0744077207701412,0.17236351980929948,0.9998065173307596,0.01720305628773415
0.4909003641480135,1.0738349532163651,0.17236351980929948,0.9998065173307596,0.01720305628773415
0.48961931243364026,1.0732642877517145,0.17236351980929948,0.9998065173307596,0.01720305628773415
0.4883406059440601,1.0726957151085015,0.17236351980929948,0.9998065173307596,0.01720305628773415
0.4870642527284757,1.072129226066657,0.17236351980929948,0.9998065173307596,0.01720305628773415
0.48579026069900705,1.0715648114534486,0.17236351980929948,0.9998065173307596,0.01720305628773415
0.48451863763079384,1.0710024621431962,0.17236351980929948,0.9998065173307596,0.01720305628773415
0.48324939116306803,1.0704421690569943,0.17236351980929948,0.9998065173307596,0.01720305628773415
0.48198252880088854,1.0698839231624324,0.17236351980929948,0.9998065173307596,0.01720305628773415
0.4807180579146954,1.0693277154733185,0.17236351980929948,0.9998065173307596,0.01720305628773415
0.4794559857417828,1.0687735370494056,0.17236351980929948,0.9998065173307596,0.01720305628773415
0.4781963193875008,1.0682213789961181,0.17236351980929948,0.9998065173307596,0.01720305628773415
0.4769390658254129,1.0676712324642814,0.17236351980929948,0.9998065173307596,0.01720305628773415
0.4756842318984645,1.067123088649853,0.17236351980929948,0.9998065173307596,0.01720305628773415
0.4744318243201074,1.0665769387936554,0.17236351980929948,0.9998065173307596,0.01720305628773415
0.4731818496747761,1.06603277418111,0.17236351980929948,0.9998065173307596,0.01720305628773415
0.47193431441889355,1.0654905861419743,0.17236351980929948,0.9998065173307596,0.01720305628773415
0.4706892248816386,1.06495036605008,0.17236351980929948,0.9998065173307596,0.01720305628773415
0.46944658726585703,1.0644121053230728,0.17236351980929948,0.9998065173307596,0.01720305628773415
0.4682064076494115,1.063875795422154,0.17236351980929948,0.9998065173307596,0.01720305628773415
0.46696869198538987,1.0633414278518234,0.17236351980929948,0.9998065173307596,0.01720305628773415
0.4657334461028765,1.0628089941596255,0.17236351980929948,0.9998065173307596,0.01720305628773415
0.4645006757086135,1.0622784859358956,0.17236351980929948,0.9998065173307596,0.01720305628773415
0.46327038638727747,1.0617498948135085,0.17236351980929948,0.9998065173307596,0.01720305628773415
0.4620425836027217,1.0612232124676284,0.17236351980929948,0.9998065173307596,0.01720305628773415
0.4608172726983781,1.0606984306154608,0.17236351980929948,0.9998065173307596,0.01720305628773415
0.45959445889825407,1.060175541016006,0.17236351980929948,0.9998065173307596,0.01720305628773415
0.45837414730855747,1.059654535469815,0.17236351980929948,0.9998065173307596,0.01720305628773415
0.45715634291733387,1.0591354058187443,0.17236351980929948,0.9998065173307596,0.01720305628773415
0.45594105059638873,1.0586181439457163,0.17236351980929948,0.9998065173307596,0.01720305628773415
0.4547282751017557,1.0581027417744773,0.17236351980929948,0.9998065173307596,0.01720305628773415
0.45351802107441797,1.057589191269361,0.17236351980929948,0.9998065173307596,0.01720305628773415
0.4523102930415446,1.0570774844350495,0.17236351980929948,0.9998065173307596,0.01720305628773415
0.45110509541702704,1.0565676133163397,0.17236351980929948,0.9998065173307596,0.01720305628773415
0.44990243250259515,1.056059569997908,0.17236351980929948,0.9998065173307596,0.01720305628773415
0.44870230848872794,1.0555533466040794,0.17236351980929948,0.9998065173307596,0.01720305628773415
0.447504727455504,1.0550489352985948,0.17236351980929948,0.9998065173307596,0.01720305628773415
0.4463096933730172,1.0545463282843837,0.17236351980929948,0.9998065173307596,0.01720305628773415
0.445117210103151,1.0540455178033352,0.17236351980929948,0.9998065173307596,0.01720305628773415
0.4439272813997345,1.0535464961360719,0.17236351980929948,0.9998065173307596,0.01720305628773415
0.4427399109095507,1.053049255601725,0.17236351980929948,0.9998065173307596,0.01720305628773415
0.44155510217360744,1.0525537885577112,0.17236351980929948,0.9998065173307596,0.01720305628773415
0.4403728586274749,1.0520600873995107,0.17236351980929948,0.9998065173307596,0.01720305628773415
0.43919318360261567,1.0515681445604461,0.17236351980929948,0.9998065173307596,0.01720305628773415
0.4380160803269152,1.051077952511464,0.17236351980929948,0.9998065173307596,0.01720305628773415
0.43684155192590735,1.0505895037609165,0.17236351980929948,0.9998065173307596,0.01720305628773415
0.43566960142319905,1.050102790854346,0.17236351980929948,0.9998065173307596,0.01720305628773415
0.4345002317418442,1.0496178063742698,0.17236351980929948,0.9998065173307596,0.01720305628773415
0.4333334457048096,1.0491345429399654,0.17236351980929948,0.9998065173307596,0.01720305628773415
0.4321692460359177,1.0486529932072608,0.17236351980929948,0.9998065173307596,0.01720305628773415
0.43100763536119835,1.0481731498683213,0.17236351980929948,0.9998065173307596,0.01720305628773415
0.4298486162090514,1.0476950056514416,0.17236351980929948,0.9998065173307596,0.01720305628773415
0.42869219101157796,1.0472185533208365,0.17236351980929948,0.9998065173307596,0.01720305628773415
0.4275383621051337,1.046743785676435,0.17236351980929948,0.9998065173307596,0.01720305628773415
0.42638713173180864,1.0462706955536747,0.17236351980929948,0.9998065173307596,0.01720305628773415
0.42523850203933994,1.0457992758232963,0.17236351980929948,0.9998065173307596,0.01720305628773415
0.4240924750825688,1.0453295193911432,0.17236351980929948,0.9998065173307596,0.01720305628773415
0.42294905282449763,1.044861419197957,0.17236351980929948,0.9998065173307596,0.01720305628773415
0.42180823713673177,1.0443949682191798,0.17236351980929948,0.9998065173307596,0.01720305628773415
0.4206700298005777,1.0439301594647523,0.17236351980929948,0.9998065173307596,0.01720305628773415
0.4195344325077983,1.0434669859789185,0.17236351980929948,0.9998065173307596,0.01720305628773415
0.41840144686101993,1.0430054408400273,0.17236351980929948,0.9998065173307596,0.01720305628773415
0.4172765828447721,1.0425455171603386,0.17236351980929948,0.9998065173307596,0.01720305628773415
0.41869193247907643,1.042087194303969,0.17236351980929948,0.9998065173307596,0.01720305628773415
0.4875137215604037,1.041624132193431,0.17236351980929948,0.9998065173307596,0.01720305628773415
0.0,1.0409872511447245,0.17236351980929948,0.9998065173307596,0.01720305628773415
