universe_id,E,I,lock_epoch,ell,axis_lon,axis_lat,peak_value,category,alignment_angle_deg,p_value,aoe_flag
0,0.7430591012090894,0.5344343947380852,122,2,37.6171875,6.579592944977634,-22.629266651726304,lock_in,109.43337554330961,1.0,False
0,0.7430591012090894,0.5344343947380852,122,3,157.5,36.05358859962301,28.583285718282056,lock_in,109.43337554330961,1.0,False
23,0.766,0.43401289031781976,122,2,298.04347826086956,64.57355318327413,48.50990676444134,lock_in,118.91490969239096,1.0,False
23,0.766,0.43401289031781976,122,3,235.24390243902442,-43.804487962974946,18.325609614043433,lock_in,118.91490969239096,1.0,False
24,0.7394710322767349,0.5353229168327396,122,2,144.140625,20.423615363810953,38.57809259325013,lock_in,81.75962527538593,0.0,False
24,0.7394710322767349,0.5353229168327396,122,3,26.015625,66.44353569089877,22.575828161327184,lock_in,81.75962527538593,0.0,False
1,0.72,0.5921666844239937,155,2,93.21428571428571,74.60343607627445,-20.03555005343066,lock_in,40.67855756510316,0.0,False
1,0.72,0.5921666844239937,155,3,68.5546875,35.68533471265204,-14.915418786876009,lock_in,40.67855756510316,0.0,False
2,0.766,0.48584161463402753,122,2,46.05468749999999,5.379378991112077,43.48006557107514,lock_in,40.717480257549184,0.0,False
2,0.766,0.48584161463402753,122,3,16.875,36.05358859962301,13.721878294066478,lock_in,40.717480257549184,0.0,False
3,0.7570997844926296,0.45801384048921356,151,2,260.28,-43.00863399423693,39.19821480989771,lock_in,84.99601908230673,1.0,False
3,0.7570997844926296,0.45801384048921356,151,3,193.0078125,15.713861048008212,-15.282206312280733,lock_in,84.99601908230673,1.0,False
4,0.72,0.6115320465453172,135,2,251.015625,6.880079227870652,-26.906737393581444,lock_in,54.27135388124765,0.0,False
4,0.72,0.6115320465453172,135,3,303.75,28.971532223711293,-26.840096372616227,lock_in,54.27135388124765,0.0,False
5,0.766,0.47282678160006497,122,2,300.9375,1.492246289620354,-17.539673224403742,lock_in,44.79153295012961,1.0,False
5,0.766,0.47282678160006497,122,3,264.0234375,29.313198964168343,29.58363136167049,lock_in,44.79153295012961,1.0,False
6,0.7311755045491801,0.5395907723745902,141,2,310.3246753246753,-61.56696379051533,-30.887914368946156,lock_in,135.62630201435002,1.0,False
6,0.7311755045491801,0.5395907723745902,141,3,90.0,26.276811557199977,-32.84389329052992,lock_in,135.62630201435002,1.0,False
7,0.766,0.48678580804767424,172,2,92.00892857142857,48.141207794360284,-27.75189554063183,lock_in,127.89424764306844,1.0,False
7,0.766,0.48678580804767424,172,3,91.60714285714286,-79.75282793472047,34.70717155457877,lock_in,127.89424764306844,1.0,False
8,0.766,0.48506260103320076,132,2,141.75,82.6853762107639,-17.381174945868153,lock_in,156.0422979203652,1.0,False
8,0.766,0.48506260103320076,132,3,74.45454545454545,-69.79389373110558,34.66113205665681,lock_in,156.0422979203652,1.0,False
9,0.766,0.47706680931163736,127,2,341.71874999999994,38.3009224658677,40.54826261552517,lock_in,47.84982467705336,0.0,False
9,0.766,0.47706680931163736,127,3,35.5078125,23.31795706533424,-35.67004288401576,lock_in,47.84982467705336,0.0,False
10,0.766,0.5105133881787816,152,2,176.1328125,3.583321698471977,44.9253469519677,lock_in,62.151756745449255,1.0,False
10,0.766,0.5105133881787816,152,3,150.1578947368421,-54.72462840974654,-21.080715061919058,lock_in,62.151756745449255,1.0,False
11,0.766,0.4716475607790501,133,2,81.2109375,15.094787099543197,-24.35533667974021,lock_in,83.4039910178374,0.0,False
11,0.766,0.4716475607790501,133,3,177.33050847457628,45.78396716177502,-26.143761468983648,lock_in,83.4039910178374,0.0,False
12,0.7254053469182633,0.6119050000165986,144,2,338.203125,1.492246289620354,-44.913366211316195,lock_in,19.136212162063675,0.0,True
12,0.7254053469182633,0.6119050000165986,144,3,356.1328125,8.385538647081319,19.275062757143715,lock_in,19.136212162063675,0.0,True
13,0.766,0.3213319593577176,151,2,88.59375,11.719760305788782,-15.000735931226286,lock_in,10.297623424705973,0.0,True
13,0.766,0.3213319593577176,151,3,98.0859375,16.334822780685997,-29.67805494616704,lock_in,10.297623424705973,0.0,True
14,0.7403012347404613,0.4836716893204133,122,2,185.2734375,5.379378991112077,-25.17158115941351,lock_in,101.02320540926553,1.0,False
14,0.7403012347404613,0.4836716893204133,122,3,84.0234375,1.7907846593289491,-30.600599906739017,lock_in,101.02320540926553,1.0,False
15,0.766,0.5016984909777897,149,2,18.984375,30.345182969588258,19.993498272912923,lock_in,135.36803031030047,1.0,False
15,0.766,0.5016984909777897,149,3,250.6395348837209,-58.16036855433802,-22.271570192095048,lock_in,135.36803031030047,1.0,False
16,0.766,0.4427844985035713,122,2,118.125,75.34073424154306,-24.392358558938568,lock_in,48.8401428683066,0.0,False
16,0.766,0.4427844985035713,122,3,261.2755102040816,53.57223328098856,-43.1468748853519,lock_in,48.8401428683066,0.0,False
17,0.766,0.4932964358656973,153,2,73.31460674157303,57.01854862136609,-26.855324946363865,lock_in,67.71241786734701,0.0,False
17,0.766,0.4932964358656973,153,3,335.0390625,32.0899512562803,12.43295458943054,lock_in,67.71241786734701,0.0,False
18,0.766,0.497959122889188,135,2,22.5,5.679189845582371,28.357888861368053,lock_in,106.12783443244221,0.0,False
18,0.766,0.497959122889188,135,3,135.70312499999997,32.44286613851178,31.844514395409416,lock_in,106.12783443244221,0.0,False
19,0.755203872145026,0.42747207502579093,123,2,172.6171875,2.9855060057465295,-31.926607943905,lock_in,86.41968718800538,1.0,False
19,0.755203872145026,0.42747207502579093,123,3,253.125,-51.25580694880492,27.668627721990056,lock_in,86.41968718800538,1.0,False
20,0.7238257147327408,0.5661747765252272,128,2,93.8671875,17.582776008425398,-33.535868023318585,lock_in,29.933929229431115,0.0,False
20,0.7238257147327408,0.5661747765252272,128,3,66.44531249999999,34.95386525718846,-36.523871342574864,lock_in,29.933929229431115,0.0,False
21,0.766,0.4574787536152135,127,2,253.125,11.719760305788782,-27.323991163393476,lock_in,123.13076162626196,1.0,False
21,0.766,0.4574787536152135,127,3,98.0859375,40.228184728061095,23.36315625547978,lock_in,123.13076162626196,1.0,False
22,0.72,0.5670166831722439,132,2,112.1484375,25.282603043311994,14.970306620213831,lock_in,26.228847201988547,0.0,False
22,0.72,0.5670166831722439,132,3,137.4609375,41.01449966573051,21.343317987205435,lock_in,26.228847201988547,0.0,False
25,0.7445060683825947,0.4982183974120108,129,2,282.3046875,8.385538647081319,-57.19088283271017,lock_in,64.10075820830818,0.0,False
25,0.7445060683825947,0.4982183974120108,129,3,216.91406249999997,21.381942579838892,26.16486689374276,lock_in,64.10075820830818,0.0,False
26,0.7556001762762125,0.4416345208431022,152,2,0.703125,21.702769403954846,-17.2551342830974,lock_in,52.97828731645483,0.0,False
26,0.7556001762762125,0.4416345208431022,152,3,308.671875,5.079715792733481,-39.73717926053283,lock_in,52.97828731645483,0.0,False
27,0.743160758259566,0.5300049338589535,133,2,10.195312499999998,15.094787099543197,36.342049147618624,lock_in,20.63516220449186,0.0,False
27,0.743160758259566,0.5300049338589535,133,3,14.765625,35.31877290301153,45.54693427419291,lock_in,20.63516220449186,0.0,False
28,0.7580230928697064,0.4775819255516989,133,2,93.46153846153847,56.25546743858108,-31.183068420659236,lock_in,92.63034878682383,0.0,False
28,0.7580230928697064,0.4775819255516989,133,3,227.4609375,22.02431283704216,-23.261899138655426,lock_in,92.63034878682383,0.0,False
29,0.766,0.4608759774688458,122,2,55.19531249999999,2.9855060057465295,-36.686372559033025,lock_in,114.54382637357357,1.0,False
29,0.766,0.4608759774688458,122,3,288.28125,41.411188638099254,29.04558010116131,lock_in,114.54382637357357,1.0,False
30,0.766,0.4233585167730313,153,2,16.5234375,29.313198964168343,-44.90953751322293,lock_in,26.377638708693453,1.0,False
30,0.766,0.4233585167730313,153,3,353.671875,13.55478403717899,30.07246859749581,lock_in,26.377638708693453,1.0,False
31,0.766,0.46712765688871294,135,2,169.5731707317073,59.67778522657881,28.53030637347979,lock_in,59.052335910718995,0.0,False
31,0.766,0.46712765688871294,135,3,306.0989010989011,56.25546743858108,39.888547085109906,lock_in,59.052335910718995,0.0,False
32,0.72,0.5470925906657444,126,2,10.898437499999998,11.4151577427305,27.060560471088262,lock_in,104.04080371288815,0.0,False
32,0.72,0.5470925906657444,126,3,109.77272727272727,-65.69633519657742,22.032367633419053,lock_in,104.04080371288815,0.0,False
33,0.7329109192012854,0.5062650119584052,161,2,283.2352941176471,71.27718213797779,-27.664421674046608,lock_in,32.18822766680562,0.0,False
33,0.7329109192012854,0.5062650119584052,161,3,322.125,44.993880150457116,23.394800525770655,lock_in,32.18822766680562,0.0,False
34,0.7470956921650099,0.48660809115273534,122,2,305.859375,3.2843691083657944,-47.141533141688306,lock_in,45.11365221159273,0.0,False
34,0.7470956921650099,0.48660809115273534,122,3,267.1875,29.65601354117841,28.75655103832183,lock_in,45.11365221159273,0.0,False
35,0.7393148925268546,0.5531229364641805,150,2,227.4609375,4.780191847199163,-14.002104512892753,lock_in,106.9729550716709,0.0,False
35,0.7393148925268546,0.5531229364641805,150,3,338.79807692307696,-51.25580694880492,31.753434908488348,lock_in,106.9729550716709,0.0,False
36,0.766,0.5134763069325311,132,2,39.02343749999999,1.7907846593289491,-38.553888520591144,lock_in,55.04032409563616,1.0,False
36,0.766,0.5134763069325311,132,3,356.48437499999994,41.411188638099254,-16.710778298011338,lock_in,55.04032409563616,1.0,False
37,0.766,0.3882573879213833,139,2,110.60747663551402,-50.09145680183258,-18.234084974527246,lock_in,156.65855538742238,1.0,False
37,0.766,0.3882573879213833,139,3,280.89843749999994,27.95318688338113,-13.681332631490664,lock_in,156.65855538742238,1.0,False
38,0.72,0.5972875113693531,122,2,312.67241379310343,-68.67919198537578,-14.975920074872588,lock_in,89.92534051953432,1.0,False
38,0.72,0.5972875113693531,122,3,253.125,11.11088180000327,-12.064686371251812,lock_in,89.92534051953432,1.0,False
39,0.7343208547904639,0.595346795256629,125,2,97.38281249999999,7.180755781458288,37.84975405929068,lock_in,41.2389444060955,0.0,False
39,0.7343208547904639,0.595346795256629,125,3,124.45312500000001,40.62018519067267,-46.30095310451302,lock_in,41.2389444060955,0.0,False
40,0.7334017848541721,0.52392154678016,122,2,193.71093749999997,8.385538647081319,23.554767350801363,lock_in,67.88746526859146,0.0,False
40,0.7334017848541721,0.52392154678016,122,3,149.16666666666669,70.16502666715499,-37.49773845451766,lock_in,67.88746526859146,0.0,False
41,0.72,0.5523608034840678,122,2,261.25000000000006,76.81353334098655,-36.6272658440962,lock_in,34.22405480313749,0.0,False
41,0.72,0.5523608034840678,122,3,145.625,63.44828368030106,19.793856627047003,lock_in,34.22405480313749,0.0,False
42,0.7347536636329083,0.5405503404056347,127,2,127.265625,35.31877290301153,26.458352574896622,lock_in,79.28105683759576,0.0,False
42,0.7347536636329083,0.5405503404056347,127,3,211.28906249999997,10.199918091116317,18.303275963312625,lock_in,79.28105683759576,0.0,False
43,0.72,0.573796175111485,163,2,288.28125,8.084013907099305,-21.600315052910123,lock_in,55.22456747202604,0.0,False
43,0.72,0.573796175111485,163,3,232.73437499999994,5.079715792733481,-16.76376054445753,lock_in,55.22456747202604,0.0,False
44,0.766,0.4604503854440059,166,2,257.69531249999994,32.0899512562803,47.968307489558015,lock_in,65.0386419921783,0.0,False
44,0.766,0.4604503854440059,166,3,181.7578125,26.61009781073391,-23.981323443796338,lock_in,65.0386419921783,0.0,False
45,0.7306554153826027,0.5380545940112018,137,2,29.179687500000004,6.579592944977634,-23.42614093566537,lock_in,80.69277960379902,0.0,False
45,0.7306554153826027,0.5380545940112018,137,3,305.77868852459017,44.20152985105137,21.90228843283809,lock_in,80.69277960379902,0.0,False
46,0.766,0.42990334573156086,123,2,252.09677419354836,55.49084192446861,-28.579200491116175,lock_in,90.86753116331208,1.0,False
46,0.766,0.42990334573156086,123,3,66.44531249999999,33.51005606625301,-26.29532183003768,lock_in,90.86753116331208,1.0,False
47,0.7490373923156933,0.40316827442176856,122,2,113.203125,24.953020787727496,34.46764380400808,lock_in,70.26133071758717,1.0,False
47,0.7490373923156933,0.40316827442176856,122,3,38.671875,14.169522214770055,23.6872151930053,lock_in,70.26133071758717,1.0,False
48,0.766,0.46884170709211237,138,2,215.77868852459017,44.20152985105137,-9.804590681546944,lock_in,42.893118379424,0.0,False
48,0.766,0.46884170709211237,138,3,238.0078125,5.979156796301311,-28.101015297324988,lock_in,42.893118379424,0.0,False
49,0.766,0.44754607559296,142,2,151.82926829268294,43.80448796297494,22.718061674779157,lock_in,53.74576997197661,0.0,False
49,0.766,0.44754607559296,142,3,215.15624999999997,25.613083216401805,-29.910320116090276,lock_in,53.74576997197661,0.0,False
50,0.72,0.48649405182176897,122,2,286.4423076923077,70.90666664467562,-33.385849389374556,lock_in,37.628085253012294,1.0,False
50,0.72,0.48649405182176897,122,3,64.39655172413794,68.67919198537575,-16.640800602964006,lock_in,37.628085253012294,1.0,False
51,0.766,0.4627727239744829,126,2,128.3203125,34.95386525718846,-23.011805298561455,lock_in,43.09033253044418,1.0,False
51,0.766,0.4627727239744829,126,3,99.140625,1.492246289620354,17.411378067525966,lock_in,43.09033253044418,1.0,False
52,0.7461352125387876,0.48238569676903736,149,2,266.05263157894734,69.0509806793522,20.57458076471307,lock_in,53.16866908921249,1.0,False
52,0.7461352125387876,0.48238569676903736,149,3,86.37931034482759,57.78012842970897,-29.904072599813844,lock_in,53.16866908921249,1.0,False
53,0.766,0.5039731797886512,137,2,61.17187499999999,0.8952829865701233,35.23556452852234,lock_in,38.07283250643303,0.0,False
53,0.766,0.5039731797886512,137,3,80.15625,34.59057497617661,-28.83986850948955,lock_in,38.07283250643303,0.0,False
54,0.766,0.4453318761940884,215,2,274.4594594594595,48.5322537274423,-34.78390662777605,lock_in,102.79994456588139,1.0,False
54,0.766,0.4453318761940884,215,3,29.179687500000004,4.181528273111482,-23.057809421450713,lock_in,102.79994456588139,1.0,False
55,0.766,0.5119505191464452,150,2,180.0,14.169522214770055,32.511508022178106,lock_in,130.90507219339372,1.0,False
55,0.766,0.5119505191464452,150,3,316.5929203539823,-47.74965082913661,20.646084513722784,lock_in,130.90507219339372,1.0,False
56,0.766,0.47056727776238044,129,2,342.7734375,13.861949672048638,-27.71604002608454,lock_in,77.13666292417378,0.0,False
56,0.766,0.47056727776238044,129,3,63.984374999999986,20.423615363810953,26.661258011119426,lock_in,77.13666292417378,0.0,False
57,0.7346852373550313,0.5445614648106947,132,2,189.140625,8.687297481032445,-26.712345705598906,lock_in,59.81790401021163,1.0,False
57,0.7346852373550313,0.5445614648106947,132,3,162.95454545454544,65.69633519657744,-33.989562310147655,lock_in,59.81790401021163,1.0,False
58,0.72,0.5606395150115187,137,2,63.6328125,27.95318688338113,22.388493741114356,lock_in,54.26531881850537,0.0,False
58,0.72,0.5606395150115187,137,3,114.25781249999999,2.9855060057465295,28.95386860724937,lock_in,54.26531881850537,0.0,False
59,0.766,0.4357189998200668,134,2,100.546875,0.8952829865701233,-37.514453162063106,lock_in,104.02204264602102,1.0,False
59,0.766,0.4357189998200668,134,3,210.23437499999997,41.411188638099254,-15.332066365014686,lock_in,104.02204264602102,1.0,False
60,0.7491006612176387,0.5002009864561925,122,2,269.29687499999994,11.11088180000327,35.49896479015006,lock_in,87.68791872818326,1.0,False
60,0.7491006612176387,0.5002009864561925,122,3,5.9765625,41.01449966573051,-29.2931674762009,lock_in,87.68791872818326,1.0,False
61,0.7352423056423267,0.5292785558953936,142,2,340.6640625,4.780191847199163,30.38376847538591,lock_in,140.90753221734926,1.0,False
61,0.7352423056423267,0.5292785558953936,142,3,142.734375,30.345182969588258,-10.521508501972923,lock_in,140.90753221734926,1.0,False
62,0.766,0.5217256899930012,150,2,157.14843749999997,15.094787099543197,15.261753050163465,lock_in,123.63763272471597,1.0,False
62,0.766,0.5217256899930012,150,3,282.4285714285714,-50.86815892553736,17.37241724310255,lock_in,123.63763272471597,1.0,False
63,0.766,0.36497878603388706,135,2,283.359375,6.880079227870652,-47.22884069694378,lock_in,106.05657226933215,1.0,False
63,0.766,0.36497878603388706,135,3,159.13636363636365,48.922795160247304,-16.58754810206332,lock_in,106.05657226933215,1.0,False
64,0.7247478071851025,0.5378541123633934,256,2,157.86290322580646,-43.40685848593699,28.390932670595856,lock_in,112.72612274631805,1.0,False
64,0.7247478071851025,0.5378541123633934,256,3,247.49999999999997,34.59057497617661,32.56589431662069,lock_in,112.72612274631805,1.0,False
65,0.7295658567774967,0.5418171496183913,157,2,59.765625,20.423615363810953,30.296493621257284,lock_in,136.04056989723006,1.0,False
65,0.7295658567774967,0.5418171496183913,157,3,274.5703125,7.180755781458288,-39.75691771616802,lock_in,136.04056989723006,1.0,False
66,0.766,0.49472960464463756,122,2,17.929687499999996,0.0,18.63546472077181,lock_in,107.57102871391758,0.0,False
66,0.766,0.49472960464463756,122,3,194.06249999999997,72.38756092964962,36.86651827241015,lock_in,107.57102871391758,0.0,False
67,0.72,0.5865339534404854,156,2,297.41379310344826,57.78012842970897,-28.295077744485333,lock_in,79.84457389875776,1.0,False
67,0.72,0.5865339534404854,156,3,196.875,18.524391073865786,-27.171419643767464,lock_in,79.84457389875776,1.0,False
68,0.7363671035126836,0.516432949503031,134,2,272.5,56.63719837020753,33.44134364635299,lock_in,28.8172849071725,1.0,False
68,0.7363671035126836,0.516432949503031,134,3,306.9140625,38.68218745348943,34.8895972871867,lock_in,28.8172849071725,1.0,False
69,0.766,0.504605726383883,133,2,214.58677685950414,44.59799149300626,-32.463764039544046,lock_in,32.08667747768222,0.0,False
69,0.766,0.504605726383883,133,3,211.28906249999997,12.635625093021119,32.429133509096296,lock_in,32.08667747768222,0.0,False
70,0.766,0.4441011129491841,122,2,52.38281249999999,6.579592944977634,34.799527009086376,lock_in,140.8812324946196,0.0,False
70,0.766,0.4441011129491841,122,3,248.55468749999997,29.313198964168343,9.073075235158765,lock_in,140.8812324946196,0.0,False
71,0.72,0.4591372678934544,136,2,135.0,18.524391073865786,14.969208256422707,lock_in,145.67288480227575,1.0,False
71,0.72,0.4591372678934544,136,3,288.2231404958678,-44.597991493006276,17.95437025488548,lock_in,145.67288480227575,1.0,False
72,0.7356690764912123,0.5762659844464053,162,2,250.31249999999997,39.838439976999084,13.7841413148656,lock_in,30.314304096417168,0.0,False
72,0.7356690764912123,0.5762659844464053,162,3,218.66197183098592,63.823657621837775,-23.321485544103098,lock_in,30.314304096417168,0.0,False
73,0.7261293424952968,0.5692618505546675,227,2,234.84374999999997,29.65601354117841,29.308461584325872,lock_in,7.019177863782953,0.0,True
73,0.7261293424952968,0.5692618505546675,227,3,229.921875,35.31877290301153,31.32200245075243,lock_in,7.019177863782953,0.0,True
74,0.766,0.4310647764970767,122,2,357.890625,30.345182969588258,22.979207981990758,lock_in,136.22898193653288,1.0,False
74,0.766,0.4310647764970767,122,3,147.98076923076923,-70.90666664467562,-31.102143201799684,lock_in,136.22898193653288,1.0,False
75,0.766,0.5086072862246573,151,2,242.71653543307087,42.2103698396502,-23.491156424975856,lock_in,126.29850633366375,1.0,False
75,0.766,0.5086072862246573,151,3,94.21875,3.2843691083657944,34.889321608681236,lock_in,126.29850633366375,1.0,False
76,0.7400511200513322,0.4654149479036174,123,2,103.18181818181817,-53.18725897079298,-17.56247897639964,lock_in,135.09846125156167,1.0,False
76,0.7400511200513322,0.4654149479036174,123,3,279.4921875,8.385538647081319,-28.874438859857765,lock_in,135.09846125156167,1.0,False
77,0.766,0.45285568044459634,127,2,74.53125,17.27000469497446,-34.09227045729718,lock_in,119.08624347837117,1.0,False
77,0.766,0.45285568044459634,127,3,274.921875,40.62018519067267,-24.42958637747413,lock_in,119.08624347837117,1.0,False
78,0.7567125825549249,0.5050696256566608,134,2,302.6953125,6.579592944977634,20.944775372056636,lock_in,50.1852408534185,0.0,False
78,0.7567125825549249,0.5050696256566608,134,3,352.96874999999994,17.27000469497446,-37.076825452231446,lock_in,50.1852408534185,0.0,False
79,0.766,0.45421641674002106,133,2,323.0859375,0.5968418305070173,-26.22835171595269,lock_in,150.26229567779663,1.0,False
79,0.766,0.45421641674002106,133,3,119.17968749999996,17.582776008425398,16.654707006234744,lock_in,150.26229567779663,1.0,False
80,0.766,0.46395688112087974,129,2,63.92045454545454,57.39952353962294,-21.630154028991058,lock_in,152.85845028527166,1.0,False
80,0.766,0.46395688112087974,129,3,249.00000000000003,-84.51566339961471,21.081116601292205,lock_in,152.85845028527166,1.0,False
81,0.766,0.5081284831200317,127,2,338.90625,39.065494664452594,-32.60679838326311,lock_in,118.3394732266077,0.0,False
81,0.766,0.5081284831200317,127,3,124.45312500000001,13.55478403717899,-19.043947712666565,lock_in,118.3394732266077,0.0,False
82,0.72,0.5645512216747683,147,2,66.796875,30.345182969588258,25.467815077071577,lock_in,49.43421548441342,1.0,False
82,0.72,0.5645512216747683,147,3,127.99180327868852,44.20152985105137,16.854986592841307,lock_in,49.43421548441342,1.0,False
83,0.72,0.42435204278187894,131,2,351.5625,26.944358180475724,17.90602489290567,lock_in,58.460562193271414,0.0,False
83,0.72,0.42435204278187894,131,3,60.8203125,36.42357364233115,25.196080379221215,lock_in,58.460562193271414,0.0,False
84,0.766,0.44019192614949987,145,2,140.2659574468085,-55.10793642509819,-42.00636749675321,lock_in,131.25612684941373,1.0,False
84,0.766,0.44019192614949987,145,3,307.265625,7.481631264246957,29.86660858271049,lock_in,131.25612684941373,1.0,False
85,0.7314568040560931,0.4112711288799605,122,2,314.29687499999994,26.276811557199977,-26.5136808705211,lock_in,93.20670204495268,1.0,False
85,0.7314568040560931,0.4112711288799605,122,3,51.32812499999999,6.880079227870652,30.98746209877671,lock_in,93.20670204495268,1.0,False
86,0.766,0.4622417937565686,154,2,28.828124999999993,0.2984168674869352,24.08563158264594,lock_in,26.258496283056594,0.0,False
86,0.766,0.4622417937565686,154,3,15.8203125,23.31795706533424,-28.186220359490534,lock_in,26.258496283056594,0.0,False
87,0.766,0.49410247768982696,126,2,16.653543307086615,42.2103698396502,40.042727922578045,lock_in,154.98975030572757,1.0,False
87,0.766,0.49410247768982696,126,3,161.9230769230769,-46.1781796469964,29.290278714668112,lock_in,154.98975030572757,1.0,False
88,0.741355531008617,0.5231320900531726,130,2,24.609375,9.291553238770263,15.431243424538229,lock_in,25.984823322262237,0.0,False
88,0.741355531008617,0.5231320900531726,130,3,8.789062499999998,30.69158768492234,14.876895921753677,lock_in,25.984823322262237,0.0,False
89,0.7412992923216031,0.5728779986125736,138,2,300.234375,4.480798785982216,-29.358693573098016,lock_in,8.255971072010295,0.0,True
89,0.7412992923216031,0.5728779986125736,138,3,307.96875,7.481631264246957,26.13601891431778,lock_in,8.255971072010295,0.0,True
90,0.766,0.46791496860658816,152,2,78.75,76.81353334098655,-19.588943280120148,lock_in,20.577149080543954,0.0,False
90,0.766,0.46791496860658816,152,3,112.5,59.67778522657881,-27.36107927688637,lock_in,20.577149080543954,0.0,False
91,0.766,0.4851983810500519,167,2,88.00884955752213,47.749650829136584,-20.124409964770635,lock_in,47.163367516454954,0.0,False
91,0.766,0.4851983810500519,167,3,94.21875,0.8952829865701233,-12.736170069611678,lock_in,47.163367516454954,0.0,False
92,0.7519115802718565,0.5013387739150558,140,2,285.8203125,20.742379954487134,-26.105036979696393,lock_in,60.14820365798371,0.0,False
92,0.7519115802718565,0.5013387739150558,140,3,346.99218749999994,8.385538647081319,-31.790280847612436,lock_in,60.14820365798371,0.0,False
93,0.72,0.590317028367428,157,2,259.453125,5.679189845582371,31.11949354452514,lock_in,56.178523936676,0.0,False
93,0.72,0.590317028367428,157,3,209.8828125,40.228184728061095,-19.74979763973986,lock_in,56.178523936676,0.0,False
94,0.72,0.5706270333723443,129,2,113.38235294117646,-52.02972741646417,-41.970837220411646,lock_in,124.81624888345705,1.0,False
94,0.72,0.5706270333723443,129,3,15.8203125,40.228184728061095,30.39367260691283,lock_in,124.81624888345705,1.0,False
95,0.766,0.5026504934684014,122,2,234.52941176470586,58.54024913501048,18.104731893904635,lock_in,136.0210361602978,1.0,False
95,0.766,0.5026504934684014,122,3,329.53124999999994,-54.340912303861245,-16.885223725029732,lock_in,136.0210361602978,1.0,False
96,0.766,0.49362059928805435,135,2,39.375,30.345182969588258,29.58047974212174,lock_in,114.12300247391522,1.0,False
96,0.766,0.49362059928805435,135,3,213.75,35.31877290301153,21.130656790365187,lock_in,114.12300247391522,1.0,False
97,0.72,0.451744776837127,136,2,215.5078125,14.477512185929925,25.711975095939657,lock_in,60.883561041041716,0.0,False
97,0.72,0.451744776837127,136,3,212.625,75.34073424154306,-14.474678081965479,lock_in,60.883561041041716,0.0,False
98,0.7458492554935404,0.4586748602739039,133,2,134.23076923076923,46.1781796469964,46.32933126938485,lock_in,81.78427376910143,0.0,False
98,0.7458492554935404,0.4586748602739039,133,3,20.0390625,32.0899512562803,-14.148745812728555,lock_in,81.78427376910143,0.0,False
99,0.766,0.5047766979543642,134,2,153.6328125,10.199918091116317,26.245669199382444,lock_in,62.74807020736507,1.0,False
99,0.766,0.5047766979543642,134,3,216.91406249999997,37.921650784291785,-10.386605524534353,lock_in,62.74807020736507,1.0,False
100,0.766,0.41347977445025164,122,2,3.4913793103448274,46.57184741344958,-17.56771159577741,lock_in,62.79079061864528,0.0,False
100,0.766,0.41347977445025164,122,3,56.6015625,3.583321698471977,-26.155548764769026,lock_in,62.79079061864528,0.0,False
101,0.7617334779381205,0.4814645648047633,127,2,47.8125,38.3009224658677,-52.667330515656886,lock_in,56.124329422991025,1.0,False
101,0.7617334779381205,0.4814645648047633,127,3,285.0,82.31910944312953,29.15753290822495,lock_in,56.124329422991025,1.0,False
102,0.7437328484829345,0.43335203498933567,141,2,165.0,73.49627530761094,48.98084350993995,lock_in,57.374408478881485,0.0,False
102,0.7437328484829345,0.43335203498933567,141,3,258.75,35.31877290301153,-18.61662439934595,lock_in,57.374408478881485,0.0,False
103,0.766,0.4854009458342335,157,2,189.84374999999997,14.169522214770055,42.3590362068838,lock_in,155.8289782070593,1.0,False
103,0.766,0.4854009458342335,157,3,359.6484375,7.782714385390946,12.3628768220602,lock_in,155.8289782070593,1.0,False
104,0.740300192963162,0.5343883888092735,132,2,101.6015625,24.62431835216408,-35.78756329118845,lock_in,69.42130598236706,0.0,False
104,0.740300192963162,0.5343883888092735,132,3,192.6219512195122,59.67778522657881,20.4302375055109,lock_in,69.42130598236706,0.0,False
105,0.766,0.5022256147109851,123,2,74.53125,28.291548862929403,33.06477904581169,lock_in,80.64878407262222,0.0,False
105,0.766,0.5022256147109851,123,3,240.28301886792457,70.53594955964849,-27.218951464284324,lock_in,80.64878407262222,0.0,False
106,0.766,0.47251943068355035,122,2,125.15624999999999,20.423615363810953,29.127447538150676,lock_in,11.976933390248227,0.0,True
106,0.766,0.47251943068355035,122,3,133.59375,29.65601354117841,-23.195901374037994,lock_in,11.976933390248227,0.0,True
107,0.766,0.4806820746425866,141,2,214.453125,15.40409369872549,33.14887339031673,lock_in,73.41324480782556,1.0,False
107,0.766,0.4806820746425866,141,3,133.2421875,41.01449966573051,-20.3417181515698,lock_in,73.41324480782556,1.0,False
108,0.7491340328809751,0.4391027284027871,122,2,294.2578125,12.024699180565818,16.75218503452781,lock_in,111.76954913277896,1.0,False
108,0.7491340328809751,0.4391027284027871,122,3,47.8125,5.079715792733481,-19.929669402901983,lock_in,111.76954913277896,1.0,False
109,0.7280687891837331,0.5599891672978542,122,2,213.75,85.61313403601544,-28.337920568934987,lock_in,62.957962141482824,1.0,False
109,0.7280687891837331,0.5599891672978542,122,3,218.3203125,22.669609871750396,-18.860575803090484,lock_in,62.957962141482824,1.0,False
110,0.766,0.4857988107064386,137,2,195.1171875,30.69158768492234,24.690920723511788,lock_in,6.679039502345884,0.0,True
110,0.766,0.4857988107064386,137,3,198.984375,24.953020787727496,-20.98574758306662,lock_in,6.679039502345884,0.0,True
111,0.72,0.4944872914667215,159,2,335.7692307692308,46.1781796469964,-33.79169541944148,lock_in,67.05926801700437,0.0,False
111,0.72,0.4944872914667215,159,3,194.99999999999997,62.32040082727501,-27.608995477906262,lock_in,67.05926801700437,0.0,False
112,0.7228534252081498,0.5744866982573766,127,2,311.625,75.34073424154306,26.40416164437554,lock_in,81.51963934088666,1.0,False
112,0.7228534252081498,0.5744866982573766,127,3,158.203125,21.702769403954846,-25.162954649267732,lock_in,81.51963934088666,1.0,False
113,0.7266560737710186,0.544368715848581,131,2,309.7265625,15.713861048008212,25.32456151984354,lock_in,153.9952484952247,1.0,False
113,0.7266560737710186,0.544368715848581,131,3,140.9765625,7.782714385390946,-30.424501498586395,lock_in,153.9952484952247,1.0,False
114,0.7313854512704955,0.539527738362502,138,2,151.17187499999997,1.492246289620354,-26.5827587861055,lock_in,155.97687779291036,1.0,False
114,0.7313854512704955,0.539527738362502,138,3,307.265625,0.8952829865701233,30.309919723111125,lock_in,155.97687779291036,1.0,False
115,0.766,0.46905105920814744,164,2,204.9609375,34.95386525718846,-34.8679205365259,lock_in,111.68270186464123,1.0,False
115,0.766,0.46905105920814744,164,3,117.0,-43.00863399423693,15.16544087734297,lock_in,111.68270186464123,1.0,False
116,0.7325408347530552,0.5748998972474209,175,2,355.69565217391306,46.96497733995481,23.83566916154604,lock_in,9.821275130006521,0.0,True
116,0.7325408347530552,0.5748998972474209,175,3,346.99218749999994,39.45089470914606,35.30081404028258,lock_in,9.821275130006521,0.0,True
117,0.7551384868918634,0.45134746150197547,130,2,74.17968749999999,41.81031489577859,19.291118210087358,lock_in,84.61567202520501,0.0,False
117,0.7551384868918634,0.45134746150197547,130,3,313.94531249999994,36.42357364233115,25.59237314224129,lock_in,84.61567202520501,0.0,False
118,0.7518526390946182,0.5117247564451687,132,2,110.17241379310344,-79.38582555083227,19.09456946740851,lock_in,111.05208425763567,1.0,False
118,0.7518526390946182,0.5117247564451687,132,3,156.4453125,28.630989836924343,31.57959356642516,lock_in,111.05208425763567,1.0,False
119,0.766,0.4875321406545299,124,2,41.0625,-60.4344388449523,-32.396093960894525,lock_in,141.98229716807805,0.0,False
119,0.766,0.4875321406545299,124,3,147.98969072164948,53.95678248481786,-32.52812496287141,lock_in,141.98229716807805,0.0,False
120,0.7468551558062216,0.502830443767063,149,2,92.4609375,16.957763300004146,51.88182836906057,lock_in,48.49489462783108,0.0,False
120,0.7468551558062216,0.502830443767063,149,3,127.15116279069767,58.160368554338,19.516916305616633,lock_in,48.49489462783108,0.0,False
121,0.766,0.4719611633799511,133,2,209.8421052631579,54.724628409746536,37.11054691067005,lock_in,101.41277323236773,1.0,False
121,0.766,0.4719611633799511,133,3,59.0625,19.788049410669572,15.258559397920383,lock_in,101.41277323236773,1.0,False
122,0.7542744548299674,0.44127118002044136,142,2,90.3515625,7.180755781458288,24.412835762912998,lock_in,99.62430070694597,1.0,False
122,0.7542744548299674,0.44127118002044136,142,3,330.5,56.63719837020753,-32.36688754037941,lock_in,99.62430070694597,1.0,False
123,0.7471085499654745,0.495030455992402,142,2,287.2429906542056,50.091456801832585,29.595524066987387,lock_in,57.41184362114576,1.0,False
123,0.7471085499654745,0.495030455992402,142,3,8.789062499999998,37.16889965599944,17.267502678170736,lock_in,57.41184362114576,1.0,False
124,0.766,0.48193323238995844,124,2,308.32031249999994,2.9855060057465295,28.708046721759644,lock_in,42.22040204564347,0.0,False
124,0.766,0.48193323238995844,124,3,313.125,44.993880150457116,19.290256737856435,lock_in,42.22040204564347,0.0,False
125,0.7455984193089176,0.468764486806461,122,2,286.6071428571429,58.91977535280315,-21.973753097352187,lock_in,151.07988875786762,1.0,False
125,0.7455984193089176,0.468764486806461,122,3,173.8235294117647,-71.2771821379778,-37.82162778853245,lock_in,151.07988875786762,1.0,False
126,0.72,0.5885718184511106,146,2,26.3671875,37.16889965599944,-21.55935611140934,lock_in,80.48983837596596,0.0,False
126,0.72,0.5885718184511106,146,3,125.15624999999999,26.944358180475724,27.72771187420394,lock_in,80.48983837596596,0.0,False
127,0.766,0.422824966278677,122,2,83.671875,1.492246289620354,28.126957087318267,lock_in,97.25085191488733,0.0,False
127,0.766,0.422824966278677,122,3,346.2890625,4.181528273111482,26.044584204207943,lock_in,97.25085191488733,0.0,False
128,0.7304874358801645,0.5237335814166926,136,2,193.1012658227848,-60.8122696032311,-18.858963457996296,lock_in,102.18653697581087,1.0,False
128,0.7304874358801645,0.5237335814166926,136,3,259.453125,26.276811557199977,-34.22708062802992,lock_in,102.18653697581087,1.0,False
129,0.746721865025166,0.5126839487438809,129,2,146.0204081632653,72.0176251134728,23.82505763184086,lock_in,42.30394197484017,0.0,False
129,0.746721865025166,0.5126839487438809,129,3,305.0735294117647,64.94808409550687,-34.45169744299825,lock_in,42.30394197484017,0.0,False
130,0.766,0.5159261823501426,145,2,160.3125,39.838439976999084,26.079509089144363,lock_in,39.54049695846581,0.0,False
130,0.766,0.5159261823501426,145,3,214.56521739130437,64.57355318327413,33.33220906697345,lock_in,39.54049695846581,0.0,False
131,0.7209963109109118,0.5326002042044142,158,2,17.2265625,34.95386525718846,-55.13520093929866,lock_in,28.723663095939287,0.0,False
131,0.7209963109109118,0.5326002042044142,158,3,342.7734375,32.0899512562803,16.104453824125557,lock_in,28.723663095939287,0.0,False
132,0.766,0.46548719223683316,122,2,86.8359375,18.839404547275464,-22.811537242928082,lock_in,117.8849066920346,1.0,False
132,0.766,0.46548719223683316,122,3,304.45312499999994,31.738394244764443,-23.922153371858617,lock_in,117.8849066920346,1.0,False
133,0.746841596064413,0.43064181968217174,122,2,34.453125,33.868704601656496,28.205526456690325,lock_in,106.83437417231103,0.0,False
133,0.746841596064413,0.43064181968217174,122,3,259.80468749999994,25.282603043311994,-40.72480367164772,lock_in,106.83437417231103,0.0,False
134,0.7638328592822526,0.44925013023637883,130,2,309.0234375,39.45089470914606,19.87680922099044,lock_in,103.82966053805751,1.0,False
134,0.7638328592822526,0.44925013023637883,130,3,199.68749999999997,1.492246289620354,-24.64201966533523,lock_in,103.82966053805751,1.0,False
135,0.766,0.5180527593774875,125,2,34.07142857142857,64.19874590253252,-21.16088230856834,lock_in,68.51947580670627,0.0,False
135,0.766,0.5180527593774875,125,3,254.64285714285714,42.60980697763761,-41.43193686137289,lock_in,68.51947580670627,0.0,False
136,0.766,0.47296581398606025,122,2,255.93749999999994,22.346587898361136,-23.505778136485517,lock_in,53.488656641115504,0.0,False
136,0.766,0.47296581398606025,122,3,315.7826086956522,46.96497733995481,16.540717556031282,lock_in,53.488656641115504,0.0,False
137,0.730793718076129,0.6028506967217458,165,2,137.4609375,32.79716829582364,-18.838205394635366,lock_in,88.08046895051837,0.0,False
137,0.730793718076129,0.6028506967217458,165,3,289.07608695652175,55.873350435251986,-12.846852917543444,lock_in,88.08046895051837,0.0,False
138,0.726724297191381,0.6039259892368214,127,2,44.64843749999999,17.582776008425398,41.85300768557708,lock_in,39.17916056247948,1.0,False
138,0.726724297191381,0.6039259892368214,127,3,40.5,56.63719837020753,17.139815209290468,lock_in,39.17916056247948,1.0,False
139,0.7493082266666596,0.5298422437372388,156,2,289.3359375,18.209956864283,49.07712940078369,lock_in,68.72933459742899,0.0,False
139,0.7493082266666596,0.5298422437372388,156,3,220.078125,5.079715792733481,-28.966512242311126,lock_in,68.72933459742899,0.0,False
140,0.766,0.4499039762694356,122,2,274.21875,17.896089316234637,-38.116634452208984,lock_in,23.515099321864625,0.0,False
140,0.766,0.4499039762694356,122,3,274.21875,41.411188638099254,24.22945275259738,lock_in,23.515099321864625,0.0,False
141,0.72,0.5593385462881705,186,2,72.0703125,7.782714385390946,20.815911097807966,lock_in,76.94323093536887,0.0,False
141,0.72,0.5593385462881705,186,3,151.5234375,40.228184728061095,-25.72795341225264,lock_in,76.94323093536887,0.0,False
142,0.747297196753881,0.4478106374100683,129,2,346.2890625,2.388015463268772,28.419406692457077,lock_in,44.8056429256202,1.0,False
142,0.747297196753881,0.4478106374100683,129,3,29.8828125,15.094787099543197,25.501928658666863,lock_in,44.8056429256202,1.0,False
143,0.72,0.6211622473824989,195,2,132.89062499999997,14.785930226053424,22.46299728310409,lock_in,117.33002357523313,1.0,False
143,0.72,0.6211622473824989,195,3,359.6484375,28.630989836924343,-28.74369271084447,lock_in,117.33002357523313,1.0,False
144,0.766,0.4654319677841153,122,2,224.23076923076923,46.1781796469964,-40.495129589943936,lock_in,91.679667496763,1.0,False
144,0.766,0.4654319677841153,122,3,56.953125,41.411188638099254,26.008242020690954,lock_in,91.679667496763,1.0,False
145,0.7503134965747998,0.5185467656772139,130,2,168.046875,3.882372003029573,-28.777012288694873,lock_in,36.81860177867377,0.0,False
145,0.7503134965747998,0.5185467656772139,130,3,131.1328125,5.379378991112077,21.436331139109303,lock_in,36.81860177867377,0.0,False
146,0.72,0.5509930464194928,127,2,72.0703125,8.989299345162806,18.866642100232887,lock_in,114.05942049709599,0.0,False
146,0.72,0.5509930464194928,127,3,188.4375,9.291553238770263,-27.97907455821889,lock_in,114.05942049709599,0.0,False
147,0.766,0.46033062225210697,137,2,207.42187499999997,0.2984168674869352,-39.7419453488788,lock_in,61.07945347418559,1.0,False
147,0.766,0.46033062225210697,137,3,148.35937499999997,20.423615363810953,-23.044691876479675,lock_in,61.07945347418559,1.0,False
148,0.766,0.3924595515255133,124,2,219.375,41.411188638099254,-29.936251300627625,lock_in,73.59142592554359,1.0,False
148,0.766,0.3924595515255133,124,3,1.6875,60.43443884495228,-30.22592397280659,lock_in,73.59142592554359,1.0,False
149,0.736925781965832,0.5333436989408489,152,2,197.92968749999997,14.477512185929925,21.235735422567984,lock_in,52.11646920886659,0.0,False
149,0.736925781965832,0.5333436989408489,152,3,160.41176470588235,58.54024913501048,25.417255821798744,lock_in,52.11646920886659,0.0,False
150,0.766,0.49050039386409944,122,2,359.6484375,6.579592944977634,-18.254631713077195,lock_in,137.88097711489655,0.0,False
150,0.766,0.49050039386409944,122,3,175.078125,35.31877290301153,23.56349976140109,lock_in,137.88097711489655,0.0,False
151,0.766,0.4930399536437037,125,2,198.984375,16.024100308155866,-44.98017663542546,lock_in,50.43298566275495,0.0,False
151,0.766,0.4930399536437037,125,3,249.96093749999991,7.782714385390946,40.41716787276307,lock_in,50.43298566275495,0.0,False
152,0.72,0.4454680367006661,136,2,153.984375,15.40409369872549,-35.99691847551132,lock_in,101.12796467315921,1.0,False
152,0.72,0.4454680367006661,136,3,77.0,-73.49627530761094,-26.895931675449322,lock_in,101.12796467315921,1.0,False
153,0.766,0.5253407075040447,151,2,35.608695652173914,-46.9649773399548,-21.06237611644699,lock_in,84.48539814258017,1.0,False
153,0.766,0.5253407075040447,151,3,217.7027027027027,-48.53225372744231,23.24917990940915,lock_in,84.48539814258017,1.0,False
154,0.766,0.4982335986409262,142,2,255.23437500000003,9.291553238770263,-7.304640556758168,lock_in,164.94413242749206,1.0,False
154,0.766,0.4982335986409262,142,3,85.78124999999999,1.492246289620354,29.653231149931383,lock_in,164.94413242749206,1.0,False
155,0.72,0.6196787004371037,129,2,0.3515625,10.806922874860348,-25.60366157116908,lock_in,100.7181661686696,0.0,False
155,0.72,0.6196787004371037,129,3,173.135593220339,68.30717609030755,38.63494797640517,lock_in,100.7181661686696,0.0,False
156,0.766,0.4684834529901938,151,2,32.69230769230769,46.1781796469964,19.85744487360312,lock_in,86.16590382003685,0.0,False
156,0.766,0.4684834529901938,151,3,144.49218749999997,24.62431835216408,-27.137184972368576,lock_in,86.16590382003685,0.0,False
157,0.766,0.5127567803519052,128,2,90.66176470588236,64.94808409550687,-47.63993095602558,lock_in,103.44383549186519,1.0,False
157,0.766,0.5127567803519052,128,3,215.5078125,0.5968418305070173,26.9786078905397,lock_in,103.44383549186519,1.0,False
158,0.766,0.4358466791994629,138,2,316.48760330578517,44.59799149300626,-23.469190425559997,lock_in,23.9917570362655,0.0,False
158,0.766,0.4358466791994629,138,3,319.5703125,20.742379954487134,28.487586429301164,lock_in,23.9917570362655,0.0,False
159,0.743844608106269,0.546031430958551,126,2,109.6875,30.345182969588258,12.060604452199758,lock_in,93.70895637483075,0.0,False
159,0.743844608106269,0.546031430958551,126,3,2.8125,19.788049410669572,-24.17563059569945,lock_in,93.70895637483075,0.0,False
160,0.72,0.5603415217293541,127,2,2.109375,11.719760305788782,17.85841054391115,lock_in,102.75811465388617,0.0,False
160,0.72,0.5603415217293541,127,3,253.125,21.702769403954846,26.32934755340861,lock_in,102.75811465388617,0.0,False
161,0.766,0.43350811124498256,122,2,207.42187499999997,36.05358859962301,-25.048202811307597,lock_in,93.43804566270327,1.0,False
161,0.766,0.43350811124498256,122,3,345.234375,41.411188638099254,-20.076706539856403,lock_in,93.43804566270327,1.0,False
162,0.7234283615585794,0.47061099607649487,159,2,300.58593749999994,12.024699180565818,29.14073178083013,lock_in,35.31202414896647,0.0,False
162,0.7234283615585794,0.47061099607649487,159,3,287.01680672268907,45.38920300540005,11.085216641324422,lock_in,35.31202414896647,0.0,False
163,0.766,0.4490854949732295,125,2,256.640625,16.646039912392965,-36.418802752023524,lock_in,24.014772654760584,0.0,False
163,0.766,0.4490854949732295,125,3,232.73437499999994,10.503271450113203,29.410094243810384,lock_in,24.014772654760584,0.0,False
164,0.7509221270808237,0.3764176020468971,134,2,319.21875,25.613083216401805,-22.230888620904707,lock_in,95.626097089169,1.0,False
164,0.7509221270808237,0.3764176020468971,134,3,181.26168224299067,50.091456801832585,47.735818721089174,lock_in,95.626097089169,1.0,False
165,0.766,0.4801756366273727,141,2,158.90624999999997,3.2843691083657944,-25.553249723508493,lock_in,20.55073771189941,0.0,False
165,0.766,0.4801756366273727,141,3,172.265625,19.15501007356373,26.56644143047095,lock_in,20.55073771189941,0.0,False
166,0.766,0.41839969559905743,137,2,336.09375,9.896853442815882,-41.013860634813,lock_in,88.12334631636257,0.0,False
166,0.766,0.41839969559905743,137,3,243.28125,26.276811557199977,26.52924592040273,lock_in,88.12334631636257,0.0,False
167,0.766,0.4929628566330154,174,2,163.12499999999997,6.880079227870652,44.95469908444476,lock_in,17.860658496823334,0.0,True
167,0.766,0.4929628566330154,174,3,146.25,0.8952829865701233,-37.3520647447667,lock_in,17.860658496823334,0.0,True
168,0.72,0.5695817130791316,130,2,87.890625,14.785930226053424,28.868988340857623,lock_in,51.46263475015712,0.0,False
168,0.72,0.5695817130791316,130,3,139.921875,7.481631264246957,-22.1263455893981,lock_in,51.46263475015712,0.0,False
169,0.7200869556190309,0.5271461349353025,151,2,1.7578124999999998,13.861949672048638,-48.79025715587805,lock_in,114.65726068685699,1.0,False
169,0.7200869556190309,0.5271461349353025,151,3,235.89843749999997,24.62431835216408,-28.555221982693176,lock_in,114.65726068685699,1.0,False
170,0.766,0.4225860070943019,177,2,163.4765625,31.38816646434855,-25.679726383210387,lock_in,144.9210351239236,1.0,False
170,0.766,0.4225860070943019,177,3,22.05,-52.801853781730614,-26.98569458134977,lock_in,144.9210351239236,1.0,False
171,0.7276333775851404,0.5237854702439323,189,2,277.38281249999994,2.9855060057465295,34.0445651923502,lock_in,154.64900585774652,1.0,False
171,0.7276333775851404,0.5237854702439323,189,3,72.421875,1.492246289620354,28.30527479570743,lock_in,154.64900585774652,1.0,False
172,0.72,0.6464879390860143,137,2,268.59375,39.838439976999084,30.100538289742868,lock_in,103.015043805995,1.0,False
172,0.72,0.6464879390860143,137,3,32.34375,16.646039912392965,-9.91088858342974,lock_in,103.015043805995,1.0,False
173,0.766,0.4524620751951282,132,2,325.54687499999994,20.423615363810953,33.30008183698507,lock_in,34.73448234269933,0.0,False
173,0.766,0.4524620751951282,132,3,296.3671875,0.5968418305070173,33.386021123864566,lock_in,34.73448234269933,0.0,False
174,0.766,0.47026378352375786,125,2,59.4140625,13.861949672048638,18.81352695087363,lock_in,125.49953525517803,0.0,False
174,0.766,0.47026378352375786,125,3,254.8828125,38.68218745348943,-21.393227250921086,lock_in,125.49953525517803,0.0,False
