epoch,A,I_track
0,19.954044246153437,0.018757634439114785
1,20.605187666719086,-0.026926864743675425
2,21.502067554565453,0.017493078819416415
3,22.92586773078673,-0.019883869973910468
4,22.184489666955024,-0.032467564879742734
5,22.342509917610993,-0.05083803225374191
6,22.830117445555675,-0.05970905818122612
7,24.635155266202112,-0.06804065549826391
8,23.2558262103617,-0.05458104872821434
9,24.59142393128602,-0.025649976824878636
10,25.170238590309868,-0.022024678728636365
11,25.80074487643372,-0.0664382792689361
12,25.40536352453747,-0.03408454707069661
13,25.961063005822655,0.018165109765479116
14,25.921582404407836,0.0192536983027856
15,27.148393990288383,0.046261510877360655
16,28.497238930673227,0.0016153979519847178
17,29.288081277096815,0.029751454417599646
18,28.4531998697001,0.010347837953483052
19,29.150176116914896,-0.015829611322772868
20,28.55289522531297,0.00660850813050835
21,28.689984082548747,-0.03806697866411045
22,31.80850860193077,0.005393536378429195
23,31.23832400089482,0.014865101514868211
24,31.536654456866998,0.0925486920743148
25,32.07420270506472,0.09363973727856074
26,31.671829382623812,0.11128005501349367
27,33.364202498674146,0.13415717775687833
28,33.003006930235195,0.09087096827156552
29,32.72106242703839,0.062253773500252164
30,33.84162834884653,0.03444043445256732
31,35.15555716746983,0.12131398908630746
32,34.875422147226566,0.1106839068136996
33,35.285464704017066,0.08364549882774905
34,34.45088291084692,0.12447125799994861
35,32.923664128587234,0.09307395446719738
36,32.91097223074503,0.03621136318767475
37,34.039425575792286,0.0522495053178509
38,35.04354572836519,0.0738151053074933
39,36.66965501421549,0.05881671336631542
40,36.82698624665371,0.07584208891271359
41,39.662425185475584,0.10590929337091329
42,39.573013911290275,0.11647926559274699
43,40.81931966668998,0.07478287753180729
44,42.08424880587325,0.09194763637237477
45,42.77168664270189,0.08397424730268752
46,44.543896590854196,0.13556929688192254
47,44.03436767009629,0.1611412466773411
48,45.96633628364786,0.15886105099080253
49,45.92403794401714,0.16241914654452397
50,46.74306205666954,0.11861865487199963
51,48.35621252955105,0.1233196305697757
52,49.598193605525786,0.10749130066774645
53,48.88927365195017,0.12233244294319463
54,48.25430970138652,0.07954508271995442
55,48.77939868509774,-0.0020707595232320464
56,48.28279944627244,-0.03226789483986332
57,49.86991565171399,-0.10550169859382531
58,51.52022972735726,-0.07600816957859498
59,51.174750011764345,-0.0726291752755306
60,51.73173121781129,-0.11247604136895531
61,52.24480898436796,-0.0768375611743278
62,52.188215380996986,-0.03062237885286069
63,53.93197677844361,-0.02926537775456838
64,54.65069937905407,0.007255242042461672
65,53.26462938568626,-0.03982978437290413
66,54.55394355505004,-0.03594683294974428
67,55.64391541093879,-0.03544197841471631
68,54.44725905591814,-0.0012196134642026915
69,53.15859861223171,-0.0420842591565747
70,53.32501066976048,0.019312384203844575
71,53.85476294305954,-0.026466395272426814
72,54.108243451329194,-0.006612212488795337
73,54.33120162400993,-0.018544160754295387
74,55.04067923818473,0.026810423793383498
75,55.80765304363757,0.04693767017271329
76,57.21439440236501,0.09697327938812322
77,56.256121472418386,0.04574405228026944
78,56.031407728313454,0.08899973419181414
79,56.45958101166078,0.07799500581851457
80,57.03812865033222,0.01540712975628071
81,58.675407624953095,0.1130885824517867
82,58.81165041469011,0.06947273074069207
83,59.639927376115466,0.03376593603398424
84,59.01762967473492,0.011930192405888333
85,60.033328940233964,0.023218931690947135
86,60.40057345614408,0.07115336359920296
87,60.104087695040846,0.09750030117832792
88,61.476642369122075,0.12265572212118661
89,62.339278325991934,0.10632613513543746
90,63.57250703411744,0.14323288771740583
91,64.47219113701433,0.1325442436624531
92,65.35718042100017,0.06666604717654327
93,65.89302003753448,0.06566266921340623
94,66.9955855885057,0.04837275369834596
95,67.50049857695582,0.06057641867898808
96,66.68802103003156,0.09478456707372591
97,65.61269796406185,0.07972486678199105
98,64.25816775577348,0.00902071620966885
99,66.01116798037427,-0.032305743909110576
100,65.8211510300942,-0.08347246854073048
101,67.91335250686073,-0.08770450519851815
102,68.90538772194947,-0.07268427458299939
103,69.50995377326254,-0.06706024709650632
104,69.78346173587464,-0.08062522943441294
105,68.47451243306341,-0.1020660325594239
106,69.83712016348852,-0.03782681728594209
107,70.58927672315738,0.007609864027457183
108,69.97381222979948,-0.035637243899375566
109,68.09720187166273,-0.01692127527702012
110,67.82570954181591,0.022946295631285696
111,67.95894897796461,0.020422226124982727
112,67.35823243431446,-0.009641274147577112
113,68.55073018865751,-0.029732316312456722
114,68.91155614227996,0.011404236314764914
115,68.5878248763365,-0.022807369861398308
116,69.05547666931652,0.016273775036226637
117,70.54863067258842,0.005070122101316923
118,71.09889219064662,-0.023191110598187115
119,71.00430863657104,-0.016499857592608067
120,71.46556177583018,-0.06402324487474177
121,72.34011034124214,-0.049950653098226425
122,73.84750404636871,0.0014399340866233373
123,74.68192541717093,0.013043492417140637
124,76.14831514931561,0.04156665282570706
125,76.19352884871176,0.033963261942955264
126,77.00476751578516,0.016909016381023188
127,78.8923843175504,-0.05235864273794856
128,80.14797344220023,-0.059351459278826124
129,80.53063658646435,-0.013850580396713302
130,81.16350636341377,-0.03254130546901286
131,82.81478705158683,-0.04217374992924516
132,84.18407501843357,-0.11702760392638877
133,86.20149572315184,-0.09429876498589441
134,85.82851303246593,-0.11966887835244736
135,87.03083115894546,-0.16882289505204456
136,86.93993803375419,-0.2657798415273946
137,86.30439672426458,-0.23373118558294573
138,86.36722299524074,-0.21723121482826502
139,88.31983862465769,-0.25204645169370327
140,89.3569918212907,-0.26683928871996754
141,92.80057041527114,-0.15000286552728137
142,93.95819404945584,-0.08316699645772647
143,94.78596423740935,-0.08313411023267592
144,95.40016394271058,-0.07775084306018513
145,95.27458723307875,-0.13548736843602488
146,95.02473949224397,-0.13428028934535008
147,96.08406258289702,-0.14158259894161143
148,95.88549939744439,-0.10082775457179488
149,95.13715799511196,-0.04494040988689278
150,96.15750895270148,-0.1273602298130504
151,96.28943320841252,-0.1715685705148357
152,97.09632779775626,-0.1832739023925293
153,96.98911518613778,-0.1623923801439557
154,97.13676449663267,-0.21681239353020448
155,97.78344181435577,-0.264001091945712
156,97.33158154057482,-0.27665228464452335
157,98.15495951275052,-0.2349579968506042
158,98.48000271740152,-0.2209346110666505
159,98.41237314081371,-0.20473859111583279
160,99.00834887799253,-0.15846410920391268
161,98.24420025076043,-0.19726132395950813
162,100.53693046108732,-0.26364512031530546
163,101.08208006762179,-0.27793737966350845
164,102.06576237322099,-0.2620712005761712
165,100.83359479055576,-0.2524467276433179
166,102.0395423872166,-0.20979732387478717
167,103.45512789799696,-0.19611222243709145
168,103.21773695513764,-0.1907282565461234
169,104.47305223888964,-0.21554814805851435
170,104.47864854959671,-0.2758724120920688
171,103.19752723322878,-0.25671776908795874
172,103.88050645831139,-0.22692154213194846
173,104.55435360246427,-0.3136583969164822
174,106.11319536642895,-0.3008262452756636
175,107.58034594356086,-0.27371790835198867
176,108.55979994346791,-0.20455941907519185
177,108.89609645564975,-0.22456031188410674
178,110.15728256280458,-0.2356476504851853
179,111.01829818921843,-0.21331277324176748
180,110.41077453306293,-0.21184587357183646
181,111.65747764598144,-0.20109300668503727
182,111.51464261541607,-0.2118385805855038
183,110.43924642164217,-0.17386985914972086
184,110.89840223007292,-0.15108154715953886
185,112.34164816861882,-0.2068320414972766
186,111.77024660394346,-0.27351358952264293
187,111.72699477556472,-0.20431014266516695
188,112.80809736964137,-0.18779691975462842
189,113.91316231770021,-0.23662122957076537
190,114.99386160903705,-0.18195527301802827
191,115.90476212893927,-0.07974860314507842
192,115.16885750792193,-0.09679096886242991
193,117.1248231400997,-0.07026472804279116
194,115.32784047524872,-0.058354310680044034
195,114.34023886748707,-0.022283398730998674
196,113.79109175104075,-0.04250463098866268
197,113.9543493820471,-0.055657460574387335
198,114.42412525560651,-0.07643750333100158
199,114.96847613755533,-0.07656967486383914
200,116.17994660256471,-0.09901249025623772
201,119.08811924566652,-0.08092978450969648
202,119.77167638265081,-0.05725092583595155
203,121.15867349493656,-0.057774257695335174
204,120.33866637249297,-0.05547835569249766
205,121.01314339711583,-0.13334827115234657
206,121.29026430604893,-0.1024122358481539
207,121.91399482202678,-0.06106480182251423
208,122.14588464262232,-0.01968057738795355
209,121.53197220146141,0.0486704568385045
210,123.14413131808578,0.048677034171590645
211,124.2187913233528,0.01277952428530224
212,124.0370680823468,0.008665751601117266
213,123.22092725324616,-0.014089154963284035
214,123.9625955602314,-0.055173927569048785
215,122.55295709698869,-0.05931140057883583
216,123.31514909568519,-0.01544367514072583
217,123.82934310200417,-0.0687371845875859
218,123.3797283990513,-0.07222711271801063
219,122.29772579371803,-0.08267330298612312
220,124.86425296605795,-0.06410593717755808
221,124.77336516069909,-0.05194716248596326
222,126.28571223789284,-0.0525855455695499
223,127.70274586268258,-0.09373879037080626
224,127.70744839389829,-0.08569928460442437
225,126.90238299479029,-0.12105317076299268
226,126.90138467300946,-0.14776977772571784
227,126.35248805267852,-0.19346978173947432
228,125.67229963312452,-0.15089965962183813
229,127.20865328626823,-0.15865747421072304
230,128.38463650700018,-0.18701927212496483
231,128.3312020790633,-0.2508307722094218
232,128.70104322488828,-0.2625072866572591
233,128.47088071206412,-0.2592237015780491
234,127.55091114744597,-0.22468277935034678
235,128.1058472779954,-0.22154169947818975
236,128.89245363683654,-0.22146542193085964
237,129.41788146442937,-0.24930101537291044
238,130.01431002579312,-0.2742544212813879
239,130.26725579073945,-0.22616573638909138
240,130.67640584230853,-0.26625800920958204
241,132.80704596348176,-0.32877586428316297
242,134.20092225524758,-0.2732210943471095
243,133.0301624243094,-0.16930045920948444
244,133.9777771657747,-0.11535873612566605
245,134.84074457245717,-0.0602007412659903
246,136.8139116013654,-0.011885973177116156
247,136.2360859162239,-0.015102687397266525
248,135.6254172294353,-0.02921355604989608
249,134.6810003822565,0.001754134273059118
250,136.37189204729057,0.0030046543317714565
251,136.47562662631557,-0.024416437243453635
252,138.98174155131616,-0.025273868527580113
253,138.64235155385512,0.0019123089514259811
254,139.02068553780833,-0.0748835877177873
255,139.01906342849952,-0.10195193391402874
256,139.05456902125349,-0.14279692981625589
257,139.04302463070042,-0.0914805433181074
258,138.52598991182012,-0.06873931496245497
259,140.0973920624308,-0.06285202488392054
260,140.935519579663,-0.10502368992375519
261,140.58020642275892,-0.12569526148193116
262,140.1738087205271,-0.09120464879856152
263,141.5634207156081,-0.12861358033102466
264,141.03746174064287,-0.14644591307054
265,140.67987717979736,-0.16476560558327752
266,140.34271397492637,-0.11328729296553372
267,141.46978450789533,-0.16067574044016475
268,141.06734012358777,-0.18870410780631833
269,141.2986065102884,-0.2442561066226631
270,141.97424532990317,-0.26541712769406384
271,142.9653738824336,-0.30191868909628045
272,143.85171008791679,-0.31368034969696246
273,143.96111188229733,-0.32307300241654513
274,143.7210962180712,-0.3275140059948848
275,144.6912178734987,-0.3241400975717884
276,144.2870463126409,-0.29317721830928284
277,146.0931312545718,-0.197798288045698
278,145.97666078985773,-0.1678766171841206
279,145.9011071001588,-0.17114069736489274
280,146.11203418723863,-0.2235503550698725
281,148.6297515561624,-0.2143224347653258
282,148.2139472753373,-0.23868667663156146
283,148.39608920588807,-0.20283785236625973
284,149.71161549611705,-0.22130607951027273
285,148.8452801548592,-0.3498944137209389
286,149.5385925646954,-0.4027370173399401
287,149.75367679237763,-0.3807307669649192
288,150.384657050288,-0.4171773994346259
289,149.73181078544067,-0.3708706826651531
290,148.38624367971025,-0.3567675713816441
291,149.4531107387779,-0.3082970445312693
292,150.51769848223648,-0.2841148324035415
293,150.44219080749423,-0.3042546798806883
294,151.1343242624534,-0.2981469399395642
295,153.13284666470562,-0.26959846165520784
296,151.15182636112476,-0.23092817484309475
297,151.48545270133252,-0.11443546164250018
298,151.1627244831329,-0.16234240893031307
299,150.91268028741257,-0.22132523387355746
300,151.20080347273225,-0.22106343195658854
301,151.95959426469037,-0.2792379229635142
302,152.69162322009362,-0.3180219972541172
303,153.36219075701055,-0.2437448160408962
304,154.22284605393276,-0.3049779933283369
305,153.90474053345142,-0.31409639577584064
306,155.9537230938592,-0.26330221471502246
307,156.23048100803516,-0.30053810062603425
308,156.53650387779922,-0.2946055059900952
309,157.06793906560594,-0.32182301039296074
310,158.26254244766503,-0.3234324345735342
311,159.36456705291516,-0.3051373159537108
312,160.1776585878352,-0.31145009509787464
313,161.65501989892348,-0.3152319289459467
314,160.5745631851247,-0.32396912019774776
315,161.63883069611342,-0.3574877650544288
316,162.11832073171743,-0.25995194261844506
317,161.74843872935412,-0.21482298392823665
318,161.75127330135876,-0.2493017191907636
319,163.218459056348,-0.20988308828296165
320,164.71184000779763,-0.3120984495286285
321,165.8347984813154,-0.21700728447967788
322,165.7400798218859,-0.24463865596946552
323,167.1567850767238,-0.2810820500010553
324,168.44101905975353,-0.2365052928959742
325,169.87311168201532,-0.26871835413426687
326,170.82434349160448,-0.3355879998347142
327,171.48437397547045,-0.38049429718669747
328,169.95360295776567,-0.35873885502100994
329,169.73586464012885,-0.3326402533730072
330,169.2151729187336,-0.32941471681148465
331,171.16252901575353,-0.3468225108596475
332,172.64111426094559,-0.31793240312798865
333,173.8537892395162,-0.3412706715674372
334,173.34136558407698,-0.3666148001723091
335,172.66515896282985,-0.3925753761170422
336,173.74585253990082,-0.37249767022974234
337,173.97322554641127,-0.4327346661742933
338,174.85077379284292,-0.4410429095870217
339,175.22047817837847,-0.41942340515827037
340,176.07412147014074,-0.4187296776413405
341,177.72777624917117,-0.346411282206592
342,178.3435831299452,-0.3231338651560814
343,177.7750660194503,-0.2925048616252545
344,179.51541937148212,-0.26739302109714086
345,179.69699920002392,-0.2775797311953771
346,181.22416794925545,-0.3327231840577359
347,180.2178933533504,-0.3243681549907151
348,181.04208231190006,-0.3291849494320883
349,182.69805920051544,-0.3114784978357906
350,184.33318883371675,-0.20049606131298064
351,183.2446172117154,-0.1835433361412627
352,183.44152784134565,-0.2047466197345032
353,183.2358872675149,-0.15089005366939107
354,186.0580992694243,-0.1896774367879554
355,186.24857501546916,-0.27558155365491355
356,187.75693904657263,-0.337518268968781
357,187.4932908598269,-0.34908095750230855
358,189.56098064180009,-0.3736050333269545
359,191.62009291260486,-0.3962438553537035
360,191.71238732761546,-0.4117485517029148
361,192.09828806129318,-0.36556635745687754
362,192.9325996058478,-0.3504951528441004
363,192.40558711322097,-0.3321772203031045
364,192.0987905279455,-0.292283444733314
365,192.72956015237494,-0.35653352581373887
366,192.72753424042222,-0.32673194234507963
367,192.85550121095295,-0.33118099976896387
368,194.00298584970506,-0.30750302103828236
369,195.72033048414534,-0.2718968680679191
370,196.42403046609587,-0.2783958878800334
371,196.94338922180137,-0.39585625264359703
372,197.946233019754,-0.36778086828731965
373,198.7686703078164,-0.3357064660597756
374,198.95100923235094,-0.352839781254896
375,198.959094807009,-0.36435497524119975
376,198.67584262005113,-0.3683025587389307
377,196.87043721644363,-0.34195346958854245
378,197.06475700412736,-0.39856266586396916
379,197.5633387138742,-0.4279179217727523
380,198.49844731285296,-0.42179367785923944
381,199.60452799086954,-0.36835858383973846
382,199.7215892707285,-0.3604413898584723
383,200.69028451686856,-0.33575753305890255
384,201.67709703876162,-0.3132202935973508
385,201.4055254561081,-0.29864593158400193
386,201.93113405451655,-0.3322188352184709
387,204.2500031353045,-0.36689733924073065
388,203.02805820343622,-0.39889075735670265
389,202.93323595549595,-0.37690583790432886
390,202.65945784256257,-0.3591583823616409
391,202.2987580991979,-0.3619927963073262
392,201.2658088670304,-0.36784393421741673
393,201.37236199145974,-0.40630798274503965
394,201.82363553176273,-0.3948480110651885
395,201.99133815241996,-0.3661388410797734
396,203.0277901508418,-0.35647017586241425
397,204.0685405147872,-0.311437686253478
398,206.1273202184122,-0.2693412820560644
399,207.43684803357738,-0.2301160765901601
400,209.15003499887615,-0.26302892786649273
401,209.20537383128806,-0.3053766436791789
402,209.01107809903246,-0.23017455730878716
403,209.38136171051312,-0.22228699039244906
404,210.641382216951,-0.22482742575780182
405,210.84378374517425,-0.27653934720897727
406,211.70970569228749,-0.2626706478474353
407,212.3125825198823,-0.24387309812009453
408,212.01545801042553,-0.3088701167547484
409,210.66742112535303,-0.33836153488563325
410,211.03960130499001,-0.3260125652738588
411,212.84153750263957,-0.34913629237618793
412,214.02474610931716,-0.3443715223200579
413,214.61080886885551,-0.31583003828576384
414,213.61282548651127,-0.28565610392512747
415,215.15338485495863,-0.34752651643212745
416,217.64365677807513,-0.4093261277712873
417,218.01977913219298,-0.4153979321254386
418,218.3236097879391,-0.3998585647011594
419,217.87858708099736,-0.36205869910173366
420,220.0652748317893,-0.36599671280104457
421,220.56701760103212,-0.38244658814564525
422,221.14708141367436,-0.3762406030501909
423,220.63602911095415,-0.444675019704314
424,220.2592286077692,-0.41209259876754806
425,221.4655213606385,-0.40725266570741736
426,220.20800499706706,-0.42329059667324176
427,220.92985921889934,-0.4400121887366765
428,222.3605130549536,-0.4515808424180963
429,224.62388278061653,-0.431865991426734
430,224.91563268501432,-0.45535207530139926
431,225.80074998010022,-0.4504861041075909
432,228.653741537396,-0.4881648017629824
433,228.2751524413826,-0.4664542296604206
434,228.9983448005612,-0.4779282134989523
435,229.25307685250993,-0.5126709224029201
436,229.85859694816693,-0.5131985954075312
437,229.71403687946645,-0.5690151418110695
438,228.96472724453565,-0.5415270433027369
439,229.52434382797765,-0.5729728120368721
440,229.70193028423265,-0.5472488459862068
441,229.2020679381248,-0.5563945627516426
442,230.31278730198298,-0.516828327897094
443,230.52846807866936,-0.5142849536915232
444,230.44356709686392,-0.47564055539698186
445,229.81720629048343,-0.45888850537558695
446,230.89451059540227,-0.43870340084157206
447,232.35392623655184,-0.42557934867506697
448,232.9124823443268,-0.42341356374107547
449,232.70982963553274,-0.43420628184539356
450,232.32788259362246,-0.4218714730558266
451,233.80022428010923,-0.3740784738780837
452,232.9559404162529,-0.37545861711209266
453,232.81784753313875,-0.42194938986043284
454,233.57280449482377,-0.34049675954918046
455,234.62675103206138,-0.4178945442175016
456,233.7617096763817,-0.36507746559213594
457,235.25036170116604,-0.3950654045049961
458,236.3355507763069,-0.28397198904779347
459,237.33243246476977,-0.24430971253179923
460,237.32873063084782,-0.2638593644589652
461,238.10727850972998,-0.27285215321227757
462,238.90924951382317,-0.23596668316153036
463,239.12540926184957,-0.2932604181555229
464,238.92463977443575,-0.31712591114983946
465,239.7518863556637,-0.37311913249352774
466,238.88927390683185,-0.35180706531371486
467,238.99661655287338,-0.3986673888442922
468,238.67801543933462,-0.4312404453733232
469,240.43700203111453,-0.40298389382218786
470,241.5003053196209,-0.35001606563049814
471,241.9045909373728,-0.33548823143244444
472,241.64953969078718,-0.33339583212214163
473,242.5634432703077,-0.28160914686217514
474,243.3022930343688,-0.31121038945185625
475,244.07238202885557,-0.3806650441102822
476,244.5657752114822,-0.3422272918630207
477,243.34108547410955,-0.3308439538115896
478,242.5198302745553,-0.3141097235837287
479,240.76493358080126,-0.3207524408277238
480,241.7516054445105,-0.31429829426009237
481,241.09179694104853,-0.280599042511875
482,243.17332003778992,-0.2573552498150793
483,243.622766907585,-0.2174089535523001
484,244.96040043799033,-0.1613668265981486
485,245.94883942029253,-0.113260814136734
486,247.3507308099385,-0.06388993703392679
487,247.86592622440605,-0.047009002315257634
488,248.44446474848044,-0.0971340553922765
489,248.27352666876274,-0.04360446897589166
490,249.15453712499672,-0.029680326521188516
491,248.30279353850682,-0.04754841892871413
492,249.49935169688064,-0.05963430144582299
493,249.81438437771973,-0.10575328608764917
494,249.90574373960985,-0.13434081208994408
495,250.47094086460694,-0.1419962868556294
496,250.3486606353847,-0.14866406397809642
497,252.34104901753548,-0.15136160916877517
498,252.3063022814227,-0.18772460113918232
499,251.63630369834965,-0.17880348358582032
500,251.38268820690038,-0.13812662453937447
501,252.2665422911016,-0.16392848171001784
502,253.87515372191268,-0.15914558245341626
503,253.99719413777348,-0.13153348894479466
504,254.06792727403803,-0.07841891166019088
505,255.55722153701876,-0.09474414338137804
506,255.44026098990668,-0.03627210380210898
507,255.8709528397102,-0.0618031736230883
508,255.91148973518557,-0.1142845448132668
509,257.89999300083406,-0.09194117808037602
510,258.55208926259974,-0.0398653265511375
511,259.33575444413566,-0.05413767560292622
512,259.8244450852026,0.026524179158022868
513,262.0397707372158,-0.0026897976760105885
514,264.2125764523709,-0.05369040964870475
515,264.14580569658204,0.004646559913803479
516,263.93767871199,-0.01048668527647722
517,264.07239329362534,0.010356949759670801
518,264.0552531852954,0.041005276006083884
519,264.1955045981358,-0.03377962928276073
520,264.9767565233115,-0.036334785478813164
521,265.83818929020543,0.0205343345632414
522,265.08844964706526,0.0288257828190723
523,267.42304969868246,0.09851475411498022
524,267.8024976118695,0.098087693080013
525,268.3974076345139,0.05755955122256633
526,267.42412499060396,-0.08145549033492168
527,268.1139633595299,-0.14537478588639446
528,269.06988385956384,-0.07289785903022446
529,269.8000911387701,-0.025438582745097825
530,270.6710083868085,-0.05764447011669675
531,272.2985212764892,-0.015368826046054669
532,272.982156454865,-0.004170306247176424
533,274.93691068895674,0.03736857789520312
534,275.437678635795,0.07174196986330436
535,276.1265658865966,0.097892360396336
536,276.92154813470506,0.09843104240724038
537,278.82434730834535,0.12430343002550324
538,281.61084775598584,0.11137801792362198
539,280.6797501958669,0.17501044507914099
540,280.435022872815,0.1653907416055449
541,281.35633660169515,0.17115009412992707
542,282.80767223890615,0.15636215330773262
543,282.1297980543101,0.21598130441274305
544,283.56758419213526,0.19792124212691944
545,283.2563342111531,0.24775584040262302
546,286.37918532576725,0.28450875182003904
547,287.8591093298527,0.3163771441732318
548,288.2362787618,0.3347559270118435
549,288.1973177445526,0.33954264628418873
550,289.3712497310279,0.402220068806762
551,290.235040864654,0.37914493546505623
552,291.2599981223754,0.3673623019329065
553,292.30128850278555,0.34850485854730157
554,292.24359569580923,0.2979196981386327
555,293.2189778804354,0.3095707457936801
556,292.46592443473855,0.27660926079672454
557,292.49526681718913,0.24394553602931596
558,293.4977671502952,0.2712566112116246
559,293.74360581695856,0.30174059501193373
560,294.1916251078615,0.29372047405116336
561,294.44116457629906,0.27167248368306063
562,295.3270486160898,0.20568819760207527
563,294.9382723943921,0.23946083991377842
564,296.1456575214884,0.1542754774663389
565,296.5145604340927,0.14625440979187096
566,296.39927879422515,0.1455262789064486
567,295.3293208403298,0.11300544993946976
568,296.31360535782267,0.1293648910855934
569,297.20489601605806,0.14844060524165265
570,297.7256769075889,0.11950485422259452
571,297.31772085648345,0.09101687765605679
572,297.2688348391579,0.08208359617570105
573,298.1112358084262,0.12107891807550207
574,298.51245349511555,0.07402911826933578
575,298.81411157382234,0.061197885717258885
576,298.4787066833021,0.05192267160348768
577,299.84915870874704,0.0186328682864459
578,301.01750469825623,-0.0023970578644796695
579,300.612782344576,-0.023170275500757453
580,301.3900338472314,0.05599224581511099
581,302.21585418816846,0.060893757826178715
582,304.90703027468066,0.09115954356781655
583,305.90544067344996,0.11541600106161835
584,305.2493069530081,0.1483679990345501
585,305.8960106103365,0.12423793252852915
586,305.1416147640359,0.10428850569123324
587,304.89168608380646,0.1340957241344078
588,304.31236475560473,0.02827438816712538
589,303.45741828219934,0.028474120401894572
590,302.73423238215935,0.04961042132289407
591,302.4612927326289,0.048143727497275364
592,301.774330402209,0.04558691725038453
593,302.57838100131164,0.03591931254736818
594,301.75466092641494,0.026923580316710834
595,300.12108782534455,0.060859502700069026
596,300.17547656959204,-0.03204732274904343
597,301.7990497357016,-0.03280813630153083
598,302.6591926915464,-0.04458552903128049
599,302.89724358480925,-0.0027421293031124824
600,302.55455151336554,0.01787105668178807
601,303.70394192831264,0.006440214947541012
602,304.4446267381055,0.025478768289087038
603,304.87647117962615,0.010845595638725739
604,307.08691848475337,0.00369923228407194
605,307.1711387964838,0.019513532670770606
606,308.77993982522236,0.059106863338961244
607,310.4510669690067,0.08211375437050185
608,310.8679056433176,0.1864977000623569
609,309.9558082171632,0.19317440705231406
610,311.25483020208367,0.2133884434862872
611,310.6866671858513,0.23705540660041644
612,311.2934064356587,0.31659499523877216
613,311.66994491928455,0.2896992137948544
614,313.48147382396996,0.3072518607960957
615,315.5101619753927,0.35463405185781866
616,316.47224734232105,0.3007901005199118
617,316.24266073184515,0.3290302995301849
618,316.6299807742172,0.36501410783042715
619,316.7652888148286,0.39921755543872967
620,319.446331721004,0.2862476702761257
621,321.3743390155455,0.2435124303663645
622,321.47682398980567,0.21981999337256825
623,322.28935600396784,0.21202944611149036
624,321.92330065855907,0.19823559336814406
625,321.74969104018857,0.17607001020245425
626,321.79575074972473,0.1383566921493977
627,321.88926816227007,0.16315713449521074
628,320.99701792892995,0.07558218341520223
629,321.3596720623247,-0.025781685274826535
630,320.61512620864005,-0.035671959333920825
631,321.417521869054,0.005979445233668744
632,321.2439351242406,0.028021176330074518
633,322.45816584815105,-0.02738540305209137
634,325.24390880325245,0.04747655141632264
635,324.56575882186314,0.04589126590327775
636,324.3747164319474,-0.02893290576610299
637,323.3457562476388,-0.05609478259394826
638,323.2683604787201,-0.1348213038308323
639,322.5026063785009,-0.18848624413604384
640,323.34138568877535,-0.13158577842642427
641,324.74487097782287,-0.11118761924761034
642,325.52279793004834,-0.13245433728816308
643,327.12994163144526,-0.07389382271898648
644,326.1226144781566,-0.07052600343476567
645,326.7574377349054,-0.0386920212425929
646,327.3858888588731,0.003953912163237823
647,328.3791490444142,0.006207413569401826
648,325.459876443683,-0.04557577209250402
649,326.22178937332916,-0.08537336618069313
650,326.4512769066779,-0.07473854069406358
651,327.7139878869912,-0.015266997399991232
652,328.16421767921537,-0.10666209699354554
653,329.10512177794567,-0.10651662825697118
654,330.5739308305887,-0.07444036179077981
655,329.5394335570842,-0.08871231256220219
656,329.6158030770052,-0.07646578675109938
657,329.66149064037,-0.10858120363056203
658,329.48397564400386,-0.0428833819445861
659,330.24321204707195,-0.013345336508497879
660,330.7200425158644,-0.027218513775823436
661,331.1184028792251,-0.08791450021082063
662,330.8681878294236,-0.0730220464934073
663,331.7890832904877,-0.18657933010659253
664,332.72790060634134,-0.19220383617398554
665,333.67925189638174,-0.20084075227952866
666,333.9466680564337,-0.10258756696264097
667,333.9453508356157,-0.09811017779540479
668,333.1628140688007,-0.1586521220940809
669,334.5433612033441,-0.17380003223438964
670,335.644258711901,-0.17169754960123518
671,337.022736149556,-0.17106443001498167
672,336.4191420503352,-0.12764261756775375
673,338.02055395231594,-0.2095077584586292
674,339.50245266892745,-0.2182480072521217
675,338.16172261493153,-0.22895485821817166
676,338.89077107008404,-0.21690778632266192
677,340.07456912497287,-0.2613435372096542
678,338.85255686099566,-0.25344299020076205
679,339.08067035643063,-0.3165034672738297
680,339.20581480456985,-0.28066856479810354
681,339.04895265141556,-0.3213620716475333
682,340.08328755745526,-0.2742197623456261
683,340.2290102179738,-0.20345221562191979
684,340.7047570189116,-0.164896137976122
685,340.366620422359,-0.23715188217830152
686,341.971144111278,-0.2171836495744901
687,342.9994186039377,-0.16149849052393284
688,344.1036212548466,-0.18545410290627845
689,344.78746368068727,-0.19005039627168432
690,345.44360741092356,-0.19946037926991406
691,346.06571600482437,-0.2501219294486459
692,348.3665693026957,-0.2192926375414959
693,348.56703274790345,-0.25142471278127965
694,348.00829156138695,-0.258185274633458
695,349.8192310376197,-0.30404604058375867
696,348.83826853831727,-0.2821985765889807
697,349.5940638644241,-0.3248722515038809
698,348.04822362286137,-0.38091439559350854
699,349.27816722292584,-0.4147748296473269
700,351.35903268849097,-0.5172610765731096
701,350.4291690767381,-0.5439443275815373
702,351.1024243806613,-0.5095387531662875
703,350.7375257868631,-0.527680464723663
704,351.65478941493427,-0.5417545460099636
705,353.00718386407993,-0.5744602650516616
706,352.2181728102795,-0.5939239440015421
707,351.8326843387228,-0.5913347059096805
708,352.9022039105277,-0.6028884693442681
709,354.619663623938,-0.629778710926498
710,353.64219380922265,-0.6602232822927581
711,354.6693767062134,-0.704644104770335
712,356.31614521943817,-0.7426532810895449
713,356.03123640499456,-0.7365430487229471
714,356.0423734426214,-0.6840575017798334
715,356.2876178203003,-0.7018194722196739
716,357.3845763592728,-0.6571919386007727
717,357.72685074947407,-0.6793686382004607
718,358.0737850126701,-0.6707787375599231
719,357.60847539754786,-0.6455199190441334
720,357.7677782201577,-0.7361874526637882
721,358.1941252603538,-0.7830368873895247
722,357.34732807201743,-0.8333241534785161
723,356.5531380497512,-0.8186395990444073
724,356.31268624381335,-0.8718610599642536
725,357.3919387465797,-0.8273401735168323
726,357.6273357764702,-0.8776820792868101
727,359.02995603497635,-0.8894281323988853
728,359.4753803366065,-0.886920012831823
729,359.9675578182437,-0.8729944415587947
730,360.48616023830465,-0.9894102149350414
731,361.40752253974244,-0.9192247101997322
732,361.9880027049431,-0.9108583873552059
733,363.3572079385218,-0.8901901424404769
734,365.2036675474908,-0.8096812247357523
735,365.1806188962484,-0.7572215547165113
736,365.2658158842324,-0.7461831657396608
737,366.7730837664005,-0.7104916256740664
738,367.40008206416877,-0.684975949839602
739,367.35984048912405,-0.6883686924625197
740,366.7985641422664,-0.7023203414317106
741,365.7657652253321,-0.7470140296520875
742,366.9381586229244,-0.7529671613330425
743,366.7986160703279,-0.7319420599952847
744,367.8874481518806,-0.7367793569957045
745,367.42837896502624,-0.7464547435171608
746,367.5568555692215,-0.6938587297599627
747,368.5448564168926,-0.6876090933446528
748,368.3628098008785,-0.6420064979451778
749,368.0928166406406,-0.6784528430677492
750,370.629584256,-0.7243101973705529
751,370.56703160071015,-0.7230485889458259
752,371.02504348909423,-0.7505372386442646
753,371.0481674342371,-0.7527012613029238
754,371.3408773357984,-0.7177134348344101
755,372.1832847803742,-0.7175113945546008
756,373.7502881816485,-0.6776166460301755
757,375.32694918540665,-0.6551471111202606
758,375.9171976820063,-0.680822160229018
759,376.4615691898365,-0.7176252444869193
760,375.14174866141553,-0.6846391602487337
761,375.41035668157906,-0.664574788682951
762,376.2358890739793,-0.7130870254719134
763,376.56052192717095,-0.7090534103342224
764,377.95764701221833,-0.6465212535166711
765,378.7997363954936,-0.6268025625162111
766,379.13801469640237,-0.61472558460849
767,379.3545894096477,-0.6431940171928158
768,378.71695483266876,-0.6392309387360278
769,378.9616185897516,-0.6193226283152096
770,380.48444935171085,-0.7090459904733759
771,382.9407014913904,-0.674818104769862
772,385.39346263525835,-0.6732001192989042
773,386.4248541458208,-0.6303747944915574
774,387.72160777867646,-0.5949973122432485
775,386.22026124463093,-0.5833728255771653
776,387.29172040186836,-0.5457530889540212
777,386.96437759649524,-0.5901369602728621
778,387.2192951291222,-0.6258278890892172
779,387.0746178371777,-0.5869421198146128
780,387.2874091622928,-0.5999182532171176
781,386.28798753064586,-0.5897618649879699
782,387.5609183343765,-0.6207337098028441
783,388.36359259963837,-0.6427625705157293
784,390.86273981788895,-0.6123250579758678
785,390.83824690279306,-0.5686101713683731
786,391.4207935268072,-0.5956600610566382
787,391.74572966264697,-0.60562937987169
788,391.48327985259135,-0.6177237826927146
789,393.82690698027795,-0.599508068816951
790,395.1185997821428,-0.5481024613024873
791,395.24417528477693,-0.45950659403212335
792,395.26654897609325,-0.4494108356924592
793,394.9446200735451,-0.4482110852629517
794,395.9218249707423,-0.4237769614889094
795,395.72416763171213,-0.45723956684878686
796,395.1588753602108,-0.45219751148801235
797,397.8288676738458,-0.4665754403025192
798,399.2520820668879,-0.47586942029800666
799,400.35294490968806,-0.5312990034985781
800,400.71834726361124,-0.5385316514219037
801,401.9265494812413,-0.5498162861110499
802,400.8447544369113,-0.6194153659785051
803,401.58393822994725,-0.5541194088862121
804,402.62661476720416,-0.5452496591052716
805,404.0680233921157,-0.48662907722842685
806,406.864561236809,-0.5048322872274974
807,406.2369774244827,-0.4812130263258446
808,407.1114533527637,-0.5228838159969359
809,407.11845056283255,-0.5898098400496776
810,408.60383408506993,-0.5605080485708352
811,410.52206442868095,-0.5228621532773748
812,411.19818238116164,-0.5156253584766455
813,412.5659833385308,-0.5667155807946122
814,413.5485147972097,-0.5908213505908887
815,413.8809281891324,-0.633469239431208
816,414.1412915429407,-0.6328094630978639
817,414.075576644967,-0.6159699310715496
818,414.826183333027,-0.5931017459556539
819,415.676211616654,-0.5734017036067529
820,418.4363462122375,-0.6095288156380825
821,418.9648739070301,-0.659674060642159
822,418.2930676575303,-0.6438463379763915
823,417.6785180359819,-0.6324469498458941
824,417.58482660542035,-0.6718828399289437
825,418.1782396994905,-0.6048664755932265
826,419.859543219132,-0.6112138378931578
827,421.56786538924484,-0.6612677230251273
828,423.00609109593574,-0.6563237114271133
829,425.107888281829,-0.6845582640915835
830,426.3316822808223,-0.6614067343199761
831,427.2685492011877,-0.6235537775929934
832,427.91978581597454,-0.6266756964079397
833,427.88507510176163,-0.6412312887994525
834,428.9087073313053,-0.7044814924733896
835,429.66476553974286,-0.6873410558421729
836,430.0704958602978,-0.7210487019360498
837,429.44400928975574,-0.8049484881626683
838,429.6234645700229,-0.77548949423853
839,429.68199377511587,-0.7757031775785204
840,429.0876523541153,-0.7593574559481431
841,430.034448367784,-0.8144744185809647
842,430.98462451314583,-0.843430870082539
843,431.1848349342295,-0.8689724963104212
844,432.0487327224152,-0.936786046747805
845,432.0563466521885,-1.0031083583248268
846,432.68439492984476,-0.9824958790423922
847,434.2640576757249,-0.9714045921518538
848,432.9546904242566,-0.9767090580724719
849,433.4144837392539,-0.9058911395410371
850,433.0356019461251,-0.9136476468208244
851,432.42145892019215,-0.8877520763346771
852,434.4738259413343,-0.8445721299677073
853,436.42219359341425,-0.8721926423657754
854,437.86807050745796,-0.8852454715132219
855,438.31574787294323,-0.9199904463671998
856,439.5654297485571,-0.8699253609426524
857,439.0062402887211,-0.9367966890605584
858,438.8309870918449,-0.9479247538351248
859,438.7252339912825,-0.9681847252595809
860,438.22176280611984,-0.8667672714319168
861,439.1652651841153,-0.7790088737659835
862,439.904037637713,-0.8135229506031767
863,441.1206151960243,-0.796061067697888
864,442.03760476905387,-0.9060013423074219
865,441.40297911756136,-0.8636363769345992
866,441.6091294230442,-0.8643691774350934
867,441.95280475092653,-0.8582665928900037
868,442.7173768881712,-0.8695134215628663
869,444.4630506971256,-0.8385162884720246
870,444.9807221691986,-0.8946778825110926
871,445.3020888397557,-0.863286810662395
872,445.52757067172865,-0.9139791509155634
873,448.13409437459353,-0.9306474933327522
874,446.82238330684515,-0.8432919169697427
875,445.5184463132559,-0.8076365756421852
876,446.5816663551248,-0.7299544251571255
877,447.4942488777941,-0.6577090341530499
878,447.11389513942765,-0.6134120323182062
879,448.0843200581661,-0.5759426767748096
880,447.95796673382233,-0.5940104709598522
881,449.0571973879689,-0.57345814192115
882,448.55357147232667,-0.5625377379967665
883,450.1830280959927,-0.5350927942316737
884,451.54929842310565,-0.5275822083691571
885,453.27586060642324,-0.5359010980670313
886,453.3907813065889,-0.527036119907608
887,452.1199963320207,-0.48825561669724254
888,451.88997395490526,-0.4332066737203601
889,452.5428943510995,-0.4275734882842125
890,452.81103821029916,-0.41043183601975786
891,452.90892669611793,-0.4007286088561233
892,452.7093528038306,-0.5130221732380348
893,454.25973866672035,-0.596696501029517
894,455.6847644608346,-0.6128485278399972
895,456.90572241481965,-0.5860837702709131
896,457.4497204843427,-0.6323705008203562
897,458.30257957921884,-0.5810527964994047
898,458.76407314282795,-0.6026966392404395
899,458.905568497505,-0.6213144867085282
900,459.75016393947595,-0.6217086485018125
901,459.8845743076981,-0.6458421923510593
902,459.2532752897551,-0.6506537967063558
903,459.5945244195619,-0.6210745433656931
904,461.20199246060935,-0.5660104451826604
905,460.37310934193243,-0.48123017596500905
906,460.59654231620823,-0.4523054962833461
907,462.9075722674202,-0.5388346723120618
908,462.90533753364997,-0.5757697461640482
909,463.49029708923695,-0.5643610029058589
910,464.1067798478031,-0.570460381343891
911,465.5757561273411,-0.5239382746496961
912,465.4696550628124,-0.5305126721183614
913,464.84862533492935,-0.5430346441493898
914,463.5880635659909,-0.5748225251501774
915,463.0324643702851,-0.5146123132118111
916,463.59881507539137,-0.5811690739767547
917,463.78174000580964,-0.5120826502610898
918,464.58995685661057,-0.5106364786953822
919,464.17714915576505,-0.4607837488760611
920,463.9031148061427,-0.5023135908117734
921,464.9121341806705,-0.48968248972678324
922,464.3616078851145,-0.5758741593777588
923,463.4549717262476,-0.6084895898261548
924,464.3861002777514,-0.6582900099935429
925,464.74654871821826,-0.6481860523733461
926,465.29856025049605,-0.6819415756492293
927,464.83301892897947,-0.6141574216886116
928,466.36326049353266,-0.666997086981362
929,467.40211823323006,-0.6379827756031562
930,467.89476007761647,-0.6128015926355207
931,467.3439367498089,-0.6203256958829655
932,468.34411417892983,-0.5941617805733757
933,469.8987993244404,-0.585264801982779
934,469.43670468290907,-0.5817756337581838
935,469.92259961789404,-0.5422819564247202
936,469.8779330953308,-0.5869293912049502
937,469.6572864235296,-0.5680112484428396
938,470.83284750149596,-0.5521460814683703
939,471.54266642735143,-0.5846360974780869
940,472.1820552150614,-0.5932784675329993
941,472.8618270358128,-0.668024497962192
942,472.6852146237404,-0.6641716315340561
943,472.83204601005286,-0.6167328582516676
944,473.40544417111965,-0.6493130260649123
945,473.53346161405034,-0.6604518167668195
946,474.88549181422826,-0.6732238771473363
947,475.68895516099326,-0.6880142188401714
948,475.74840374084664,-0.6361780822100676
949,476.4455131770592,-0.6795705976668054
950,477.5714747170517,-0.6641793359998608
951,476.9246479365269,-0.6684327895179761
952,477.2002021607378,-0.6409582396591674
953,478.9092583428289,-0.6886525831881309
954,480.24768208951247,-0.6740917398195809
955,481.65289616323724,-0.5928224370503431
956,482.3406008315771,-0.5670614344271585
957,482.16587891990065,-0.5354971443017049
958,484.20541311350047,-0.5448113518613235
959,484.6097273328433,-0.5509489766526046
960,484.58623790481226,-0.5018897612330986
961,483.7714686370293,-0.4964311089216477
962,484.1041991061747,-0.5564570340908322
963,482.9054981656242,-0.519239741959583
964,485.51970416614637,-0.5051429110638167
965,484.96770793502895,-0.426417009372304
966,486.4729181257864,-0.39974827475205077
967,487.79293340161246,-0.4381315833700566
968,489.2320232981849,-0.390300358622659
969,490.5471265490449,-0.3858105801373082
970,490.60830717218926,-0.45073708081145397
971,490.5004914854452,-0.4528674600298348
972,491.2285805725294,-0.4193614514424475
973,490.27938624295325,-0.423892023773736
974,491.41597628130484,-0.4158255779331495
975,492.45455132526916,-0.3996434208617467
976,493.41347215053844,-0.35325152062171294
977,496.5142978619828,-0.2880634390647917
978,496.6124571282306,-0.29326243403165647
979,497.4851787362777,-0.2612742294685678
980,497.5435703946426,-0.28090535962888663
981,498.0326489316427,-0.25210267383605456
982,499.1210702729599,-0.26333264259701095
983,501.39752364496064,-0.2929458367080421
984,502.22821212201643,-0.3674327088556135
985,502.4627449275299,-0.3767965937503686
986,500.7730994294361,-0.37096712642371626
987,501.21902296108897,-0.4217353871446779
988,500.6774529284492,-0.45902468759049164
989,500.88532163513355,-0.5092879474907354
990,500.9912407003479,-0.5248476614187028
991,501.47161193747297,-0.556532766562533
992,501.59929239145026,-0.6422053562271044
993,503.2225110391311,-0.7110557658254765
994,503.9601530507651,-0.694307785899952
995,504.9416412487493,-0.6514038398694072
996,504.7983872820643,-0.642354924863393
997,505.4678598206874,-0.6177960373681814
998,506.2889826310832,-0.5793553605018923
999,505.5522640535999,-0.5256356457503715
1000,506.7424238645503,-0.5336247982122251
1001,507.293134171059,-0.6200767652640479
1002,507.2399090836214,-0.6150836106445282
1003,506.37298562865976,-0.6074384637817902
1004,506.8509454004449,-0.5949967675550815
1005,507.83179823828175,-0.6052460374042026
1006,509.07096973541786,-0.6177964007649046
1007,510.15392399434876,-0.6176127280943573
1008,510.0526544899383,-0.6817682894932829
1009,509.927784282389,-0.709204588331007
1010,509.46132830126334,-0.7555942049889034
1011,508.42032499524026,-0.7019900499676356
1012,508.5325693476856,-0.6734687450201045
1013,508.9924694331361,-0.7596925065935944
1014,509.31097450778225,-0.775577246914242
1015,509.04419362448266,-0.7812427953887621
1016,511.39720607378416,-0.8553485541527617
1017,511.11516009223044,-0.8762925047450251
1018,512.014799456696,-0.8449052124514259
1019,514.3605718162394,-0.7823799913785406
1020,515.5317794536488,-0.8075203548089722
1021,516.042064908012,-0.8339060607277085
1022,516.0750296730027,-0.8557404671614111
1023,515.8055352320843,-0.8444814653227403
1024,516.9440513650414,-0.8685897886994283
1025,517.2747283238459,-0.9670685269908246
1026,516.898977360564,-0.9546104957723003
1027,518.063768922924,-0.8937254443283252
1028,518.4437662225375,-0.9214340986784701
1029,518.8481522833551,-0.9113457101393271
1030,519.922104450403,-0.8553204349542417
1031,520.6338888369254,-0.7902457689139895
1032,521.8010099336103,-0.696324400335145
1033,520.9868175802874,-0.7343028826173634
1034,521.6972324591811,-0.678998863447309
1035,522.4501681520505,-0.70691413385484
1036,522.7352377848993,-0.7321965304046657
1037,522.7107495228361,-0.7404710240314459
1038,522.1648818648656,-0.7370361007442452
1039,522.0957247095344,-0.751706079414934
1040,522.952420103628,-0.6983092407419889
1041,523.3488934734157,-0.6334087638276428
1042,524.4014119804956,-0.6491890398853112
1043,523.4574148005033,-0.6824602854273006
1044,523.0907442513692,-0.7157804922329111
1045,523.2984979224325,-0.6923291344804247
1046,522.5401904094875,-0.7489592513709555
1047,523.4779263910948,-0.731754168392601
1048,524.1952138523633,-0.7063492515446408
1049,525.7217733205322,-0.7072393454586517
1050,525.0167523306009,-0.6781543631083813
1051,524.3564246801584,-0.6279280364723314
1052,525.6385955573678,-0.5845322717175038
1053,526.6403237247855,-0.5656619109309203
1054,527.361465247723,-0.6108549489059729
1055,528.7827555020898,-0.5741177211631688
1056,529.119060589119,-0.5320033758215993
1057,530.2013111537684,-0.5167342569316187
1058,531.2081106994435,-0.47010987128113085
1059,532.0532665500195,-0.46055053734183066
1060,533.8551087553092,-0.4271469210468381
1061,535.8122755829063,-0.3677222653976689
1062,536.5867270441911,-0.34386851553527614
1063,537.0711482033414,-0.3365023748141576
1064,538.5544548657257,-0.2784264231682915
1065,537.7608305543955,-0.19557531029908906
1066,539.138150879404,-0.17284358533450314
1067,538.1888866314931,-0.16631376199922288
1068,537.4482017344828,-0.24999645937170165
1069,537.2477330360285,-0.2657419804727333
1070,538.6035795567104,-0.3204576944460119
1071,539.1773081454527,-0.28838861703476376
1072,540.277562432378,-0.2803997920628161
1073,539.9392005296979,-0.2602916573833267
1074,541.2079367639229,-0.24896141879582778
1075,541.9210899376425,-0.22539053948504373
1076,542.8971036350138,-0.2249358526305614
1077,542.8368312060254,-0.2563940304488386
1078,543.230944277131,-0.1866338510885439
1079,543.7545837239651,-0.17558902298834608
1080,544.8702506884771,-0.22743064725728313
1081,545.2800501761003,-0.2856494218669951
1082,545.8513171965839,-0.30518536219879344
1083,547.5909842369205,-0.3166369635650657
1084,549.1148884795557,-0.2872300114937004
1085,549.147748515855,-0.24213393600868277
1086,550.1774889279981,-0.24528433210214345
1087,549.2402646150904,-0.21655640496524065
1088,549.9666306494718,-0.20478812275898162
1089,549.3245293304448,-0.1782797559422965
1090,549.9444015572037,-0.1467188420284284
1091,550.7513273224199,-0.10761220047382303
1092,549.730232569341,-0.04725762951205469
1093,550.887638406514,-0.07662279664528372
1094,551.9771593551005,-0.1073559410575157
1095,551.2804759468331,-0.10247613850584698
1096,551.9228698851568,-0.06862263186100961
1097,550.9632787328137,-0.07388841410818262
1098,552.199118494647,-0.11743929455044858
1099,552.1885274010667,-0.15577274915257233
1100,552.2674988471039,-0.1541917899443157
1101,552.4147151457562,-0.1319904123827404
1102,555.7123351853837,-0.06506059490372725
1103,556.1553903092731,-0.004751911508565902
1104,556.3154230015977,0.035808230900293087
1105,556.4673531047173,0.05003448968166627
1106,556.772867862966,0.012692188654832404
1107,558.6810476872494,0.02966995825903684
1108,560.250083952081,0.002653414557133662
1109,560.1142956959484,0.01604044500373794
1110,560.065812567762,0.023268147374936505
1111,561.1556772802885,0.011822825647262697
1112,560.6616068558076,0.07837981568648336
1113,561.6032073927602,0.11509729078565117
1114,561.7372606310623,0.04294657002817885
1115,561.9431950377369,0.027704647751509458
1116,563.3116977234168,0.06995452833527117
1117,563.3677365455226,0.10762543479439604
1118,563.1840906468103,0.09509470502246027
1119,563.9130745285427,0.10762856664904576
1120,564.2938015660733,0.10632940454176507
1121,564.290663688384,0.17467598885127242
1122,564.1264004130887,0.17896377221559806
1123,566.1028165079579,0.14498289231760036
1124,566.566885198433,0.07345635876017542
1125,566.4207864608254,0.13355524138743288
1126,567.3684440810695,0.13341640998074558
1127,569.5391961809919,0.12451382168239603
1128,570.5206143461867,0.10059518545492419
1129,571.9208565669556,0.07903090024037726
1130,571.9342754011573,0.09226815987338828
1131,572.0685319114999,0.034611177234782416
1132,573.1393675086547,0.023463057324852606
1133,571.5376436944557,-0.0082855373883619
1134,573.0193102982325,-0.0064143545976972985
1135,573.673313487183,-0.06732147765101772
1136,574.0813520361838,-0.12361339362310579
1137,575.3844423545836,-0.14727847955087908
1138,575.1176783541229,-0.143644792700223
1139,575.5361983235491,-0.1260583546431607
1140,575.7031661562366,-0.139472962422856
1141,577.133802466436,-0.13121112128633158
1142,576.7380934982626,-0.177098791272542
1143,577.8133842321051,-0.22099368941828385
1144,578.4800782069275,-0.22344810556156758
1145,578.949250751373,-0.19468962402992687
1146,578.5751798672974,-0.14404563186321642
1147,578.0509147033437,-0.1710030495933268
1148,577.8055202163002,-0.1389460088394327
1149,579.3533234327589,-0.12901738580949354
1150,581.3475852520187,-0.04993006210610945
1151,582.3063347136995,-0.002677842228529813
1152,581.7975421267006,-0.06429930081704333
1153,582.1100782459677,-0.07340900858951195
1154,582.4237038919373,-0.05161400901880518
1155,582.5599975723671,-0.051304015291426905
1156,584.5750216726855,-0.044894070964040356
1157,584.4585948332234,-0.027962211880652284
1158,584.9233898477888,-0.04725448991903683
1159,586.0369573159429,-0.031192278783635053
1160,587.2611871657908,-0.057771145598385906
1161,588.0741520927573,-0.06907542963421368
1162,588.8684192536742,-0.058556937275515294
1163,587.7743536339675,-0.0021222498858511282
1164,588.457574068833,0.07110557583440921
1165,588.6748091863185,-0.03559652013861331
1166,588.4043147567619,-0.006507334838665418
1167,588.7234586623327,-0.013850259179800227
1168,589.9738286326791,-0.05504676858088583
1169,590.9831360532912,-0.08547604263736355
1170,591.6541597539988,-0.11093504973407073
1171,592.1790757087355,-0.11916853717131928
1172,593.0461780478348,-0.12512129571555963
1173,593.5507049276958,-0.15016668380632356
1174,593.2187519874974,-0.14242639365902263
1175,594.085935275234,-0.16168358107528463
1176,593.005202442554,-0.1486873889926933
1177,593.6677246687748,-0.0839593489240915
1178,594.0957152049249,-0.04232599906721057
1179,594.5659487743907,-0.0360762584358136
1180,595.4977776338242,-0.10078586163164877
1181,594.618231733609,-0.11540483536264282
1182,594.8085999504966,-0.03865690893730711
1183,595.8532675549465,-0.023994285356427912
1184,595.622313055219,0.06259684533028498
1185,594.8017580688559,0.11536369809733626
1186,594.3167305407244,0.08329851551480938
1187,594.2129042151025,0.11454334037606931
1188,596.72479335026,0.03838896075319646
1189,596.9803483557016,0.09023600009173924
1190,596.7755188791181,0.05282945413415249
1191,597.8217090888855,-0.007963751318447475
1192,599.8381726109216,-0.018617654306454026
1193,599.8333081194455,-0.026675814102854384
1194,600.797365259299,-0.012333085756083113
1195,599.9470742197811,0.02272714327569887
1196,599.6163581750131,0.017930641316119208
1197,599.2142881378018,0.01064841157518339
1198,600.459635638046,0.04269265528827845
1199,601.6000608820895,0.10820521392996638
1200,600.8675056712375,0.10475280413255011
1201,600.993333096317,0.10877660393754474
1202,601.8444753838298,0.15001937619264602
1203,601.5458239343228,0.11185230302611535
1204,601.721819866271,0.165169987620658
1205,603.4592508770365,0.2057810773678176
1206,606.1370025974992,0.16485322628867008
1207,606.8057000882993,0.12252636534375141
1208,608.5423786029004,0.08118142223679259
1209,608.5166176770973,0.08443436874652681
1210,609.7275706515279,0.08757517318917439
1211,611.0885494181448,0.04302494844387017
1212,612.1709616623799,0.07357872628092127
1213,610.9869389561708,0.047850887651663856
1214,612.3930702081715,-0.014604943577369411
1215,613.2809364534446,-0.05230416971387348
1216,614.4195674360657,-0.10538786528803035
1217,615.8850739216383,-0.07990475471942331
1218,616.5052706851043,-0.06907244688301697
1219,615.9563145305056,-0.075485302703658
1220,614.2436336443042,-0.0630022079593938
1221,614.7799235840902,-0.07476159626728857
1222,616.4691297729373,-0.056273875250947854
1223,618.1000567103042,-0.10392171973842729
1224,618.1870487859122,-0.1443533464106672
1225,618.3328990302168,-0.11876396638513867
1226,619.4041645558322,-0.079883696610238
1227,621.0313300547248,-0.1316241405442129
1228,620.1658810419528,-0.10821022338656487
1229,620.8614266039987,-0.1368769018840839
1230,622.0157445285035,-0.14064685377486336
1231,623.019598470247,-0.18314879800715714
1232,624.3868722738014,-0.15531604160033022
1233,624.5547692922779,-0.15586388135993287
1234,625.5177856152986,-0.09303626625878215
1235,626.241197842196,-0.09708581039025012
1236,627.5570420285626,-0.17113690203420062
1237,628.2839892747743,-0.14004546029747109
1238,629.4825511464212,-0.13933899992013635
1239,630.9162595765852,-0.09880134596524978
1240,631.8517267915238,-0.015593318704247155
1241,632.0771879059716,-0.004977921749397856
1242,631.9364878872567,0.02158904323065311
1243,632.4674411498776,-0.010352490921685373
1244,632.9837635731211,-0.06281353715649671
1245,634.2630941841351,-0.05435918020849333
1246,634.9206681624329,-0.05110004630905589
1247,634.521365164528,-0.06244273030554719
1248,635.562585054792,-0.05834245787695113
1249,635.6793771147205,-0.10541416828673594
1250,636.7283323914329,-0.03146012827627097
1251,635.7029167209981,0.03293460253086239
1252,635.3022967013161,-0.014780290015538086
1253,637.107895131274,-0.06579912715389499
1254,636.509131932945,-0.05838450632028459
1255,636.3414781889021,-0.005698235341596157
1256,635.659806052074,0.011613789959111685
1257,635.5967124615561,0.039281306597158595
1258,637.7274917983113,0.018206077411471417
1259,637.4830031400138,0.02792775810752632
1260,636.430402889457,-0.0010130369089961025
1261,638.6723557489726,-0.05685389350318418
1262,638.0539519652525,-0.13398041667024346
1263,639.1606276285868,-0.09942825400027788
1264,639.2195887373656,-0.1565100656058176
1265,639.3681592707143,-0.03993824443666194
1266,640.7413950236054,-0.022860910348630917
1267,641.2213961423051,-0.011658057816951797
1268,641.7041288952066,0.052319231106581515
1269,642.5496413226974,-0.0191069456686164
1270,642.6250275145264,-0.050198328891957966
1271,643.3531227859377,-0.05991344042949256
1272,643.059351543527,-0.04038958668078835
1273,643.1152509506777,-0.08505416968670373
1274,643.658141540835,-0.11519742147810288
1275,643.5644575967995,-0.1281410568900688
1276,644.2040712098827,-0.09372911856315137
1277,646.2372581627247,-0.09438428757357267
1278,646.9583773122965,-0.15196592343849147
1279,646.832948752126,-0.16797171381072312
1280,647.9285984300157,-0.19433667463300347
1281,648.6089815800307,-0.1979570706635071
1282,647.2730425373147,-0.13447051539950466
1283,647.9417212932025,-0.13060499326559613
1284,648.6018869463899,-0.06847341421892597
1285,647.670058284525,-0.06116886331831308
1286,648.8676718885995,-0.039539722280449746
1287,649.2998312514745,-0.09762207142244325
1288,650.1486253041978,-0.04679957668192132
1289,650.7323308456765,-0.03327207941197758
1290,650.7389960762368,-0.05828617848122715
1291,649.8246776267558,-0.04995252506748338
1292,651.039380336082,-0.021512931167283606
1293,651.4479536235407,-0.002785419612810428
1294,651.2909919686558,-0.009802031940632836
1295,651.8002878939183,0.020728823651404257
1296,651.8897261950923,0.00611799439192624
1297,652.5357300670667,0.04112845317432935
1298,652.0795065652477,-0.012731852867727607
1299,652.7709269642748,-0.07919068092996298
1300,653.2962274602297,-0.09442394441780874
1301,654.3300475343067,-0.2001187036176646
1302,654.1129931957331,-0.20349866916480722
1303,654.1383416234257,-0.1846178914561725
1304,654.9055934944361,-0.17738197979901602
1305,654.0619759307347,-0.18633484107995774
1306,655.8931116911541,-0.17564748111826053
1307,656.3418388306246,-0.16663863219004238
1308,657.2421666214502,-0.2203362943630917
1309,657.7105700017253,-0.26468334782590175
1310,657.9297267712758,-0.20347504940417582
1311,658.7581161765024,-0.23765112892942286
1312,659.558256061754,-0.26589290413108
1313,660.3591125328859,-0.32732210848719645
1314,661.9322475366955,-0.3059230665047661
1315,663.7582886979916,-0.31557501470654864
1316,664.9075085870705,-0.29175461321035034
1317,665.7078513992116,-0.4305734564547714
1318,665.035254801141,-0.4434718590929194
1319,666.0135205162806,-0.40982274551477005
1320,667.7987181487674,-0.4406727573084589
1321,670.2333665743176,-0.4593470183270279
1322,671.1042043595949,-0.4024350651674004
1323,670.6166081987416,-0.3979263711359562
1324,671.341268175042,-0.4179727108742708
1325,670.9979227555978,-0.4140356145450124
1326,671.5817830723914,-0.37183683457462874
1327,672.9837488255797,-0.4056061731676769
1328,672.5159611337876,-0.3633446769953443
1329,673.2216319165257,-0.3348483942138
1330,673.1546171973225,-0.3311729767306234
1331,673.7017164078873,-0.3490804656271171
1332,674.592455407441,-0.37332315764355745
1333,674.0525487435171,-0.38337278701345057
1334,675.5676180938582,-0.42019623828935115
1335,676.3809494814844,-0.4370829975412536
1336,677.6096118401736,-0.4268819098265035
1337,677.5844893415118,-0.3639330471200589
1338,678.5294363013413,-0.3813770842937464
1339,679.3704529692876,-0.3270561641108235
1340,678.9860254925342,-0.3123537501641663
1341,678.9369995398853,-0.3028056231444267
1342,678.3278797667197,-0.4069585206315801
1343,678.5934112378213,-0.3925362675220643
1344,678.5431963661957,-0.39999595574995184
1345,678.6617634170216,-0.41658712478165677
1346,678.6355846624541,-0.39637849136024833
1347,679.3255144056184,-0.3788172734155803
1348,680.6964334363163,-0.38544352352524497
1349,680.9439373522421,-0.3468610717916413
1350,683.0797888179139,-0.33334128188078543
1351,682.6214808537658,-0.275441705417527
1352,683.6909136767986,-0.24191414972990105
1353,683.6001180506336,-0.17239979478731798
1354,684.3981372750226,-0.21135725200699554
1355,684.0616534613021,-0.23287470010069874
1356,684.8051982356383,-0.2105528582450428
1357,684.4667847636549,-0.25452361972274656
1358,685.4065230449517,-0.30212726734661827
1359,685.6331204989414,-0.35121427703260366
1360,687.6098629727195,-0.3484050550411426
1361,687.0520471256706,-0.35684662943834433
1362,686.7816236929958,-0.2875086127772461
1363,686.031044181571,-0.311261739356682
1364,688.1570196153294,-0.2616351303103095
1365,689.3677839542687,-0.27111525905436706
1366,689.7430821238685,-0.23065440286731664
1367,690.3868106299172,-0.2352853269474553
1368,690.473540511755,-0.21114688341454013
1369,691.411930942043,-0.20375120332410962
1370,691.7430990949646,-0.20849985719980763
1371,690.419549142132,-0.24682210097636198
1372,690.7811073737978,-0.22606006112068047
1373,691.9710037157872,-0.20446523888779564
1374,693.4426409204771,-0.08358756773082412
1375,692.9207038889809,-0.11672204354404431
1376,692.4552487192142,-0.131216525284452
1377,693.3232945588122,-0.17966607522883932
1378,692.1488937431367,-0.07812632917797993
1379,693.155414915759,-0.06243731175585857
1380,693.6060840067931,0.018591653985868824
1381,695.5558341237918,-0.0004459584421218528
1382,695.2968200929428,0.05239697791506913
1383,696.1833230645531,0.06631116154963314
1384,696.2835049187375,0.03207370414316596
1385,694.8430945191109,0.06737680897077519
1386,695.8420785583935,0.08735728635957807
1387,695.66927647874,0.012033248905004165
1388,696.7285963592581,0.03068896420253896
1389,697.147527296251,-0.06624660767731247
1390,698.2613212837656,-0.06198858261124406
1391,698.8742690739525,-0.07593306721621469
1392,700.1626755542717,-0.05565959874160882
1393,700.7784944064342,-0.0760814288196407
1394,701.9089085226299,-0.14865087840390412
1395,701.6315089464349,-0.16143006508120097
1396,702.3613381527806,-0.22598331998034527
1397,701.5983906546046,-0.22509665134435092
1398,702.2201156603417,-0.19222936265337412
1399,702.9238159719057,-0.2239073291252092
1400,702.0547362553998,-0.15865773979342843
1401,703.3741099520314,-0.10644703300683887
1402,702.3739233724974,-0.18609000603587195
1403,702.8013525809235,-0.23985926724605294
1404,702.9138883287243,-0.20733073004931002
1405,703.7615767613943,-0.1877788223436703
1406,704.8307821874806,-0.149512981175185
1407,706.3666883356032,-0.1045063166200405
1408,707.1346867941248,-0.14013921537813498
1409,708.2648360588231,-0.09534640986003046
1410,709.8005277966283,-0.010723406013896125
1411,709.8803761569311,-0.038615199172259064
1412,708.4171394175178,-0.02686414710251784
1413,709.6058443451639,-0.0028804110353983017
1414,710.8227381626078,0.07007556412479374
1415,711.2686631338335,0.0755418507803434
1416,711.743630752835,0.10678408781648485
1417,710.7421988414031,0.11884448139488742
1418,711.7094709520777,0.07465028635233642
1419,712.444053676886,0.1405796982244466
1420,711.8621379305836,0.2456203062162479
1421,713.588855413396,0.2488466397666787
1422,714.5713722989984,0.29364622477989516
1423,714.4328830359656,0.31872351310246055
1424,715.6854867882181,0.33638225481270545
1425,716.7698903999835,0.3207179119392357
1426,717.1375085686412,0.3048499461715351
1427,718.0031711783564,0.31513751860481964
1428,716.9465993540399,0.3205090950451179
1429,716.1049803607054,0.2848997733066191
1430,714.0010514746145,0.27422854409895636
1431,713.8467323714634,0.22827955097282507
1432,715.945726410303,0.22037099750445602
1433,715.8174023732294,0.22684438719317568
1434,716.7955627938958,0.314234136715917
1435,717.2017711492423,0.2518848689123305
1436,717.1882162971635,0.2248630865391097
1437,717.6141532254616,0.17933788751917545
1438,718.3081034674901,0.11998249622645497
1439,718.2680812800133,0.12591022379524786
1440,719.3141506133367,0.1335869088400261
1441,719.9333155355549,0.11823911505020422
1442,718.5282951935459,0.07186197795271973
1443,720.1144697223028,0.09149646127142534
1444,720.0464455229583,0.10232544320161113
1445,720.0960513180137,0.01207564645611231
1446,720.437066539225,-0.02000946487443754
1447,720.4238226033622,0.07825348234350352
1448,721.027006742489,0.1328535203019519
1449,721.6900561088082,0.15205465982655486
1450,723.3404945647854,0.17311414403659875
1451,724.5805780249232,0.15611758432902412
1452,723.8963459440737,0.1987731491308019
1453,724.7160139422233,0.17289777555047742
1454,723.8946825019358,0.24230550334841983
1455,723.5334149219898,0.19871661837723145
1456,724.2296590171177,0.22902076406539057
1457,724.3263784827249,0.25579024088531666
1458,725.6891920422566,0.22828729187360675
1459,727.2144072288908,0.22695372429697244
1460,725.8694386225945,0.2740263221267196
1461,725.481659704664,0.26436173134664076
1462,727.3084652202147,0.26713041264004905
1463,726.2714559760955,0.35616659873353407
1464,726.4857777521505,0.33725786880782066
1465,728.2805091741417,0.3297489738268342
1466,727.883914230638,0.3202824452585621
1467,727.4467189054735,0.261732272404976
1468,728.5423039685725,0.22955080279283802
1469,729.0288933049445,0.24247624842968782
1470,730.306542185364,0.22815296648698286
1471,731.6203763992631,0.27046353738173085
1472,731.0279425107259,0.2814409587406168
1473,730.8320364481118,0.30597706833598903
1474,731.5331283339668,0.3155724348736099
1475,731.8698121805542,0.30795096276570977
1476,732.9621164227794,0.2632291612130161
1477,733.587596578693,0.19304640587186067
1478,733.580414741717,0.22939181626137445
1479,732.9952607689844,0.18042552650694055
1480,733.5144941885684,0.18393432334965384
1481,733.3974903219095,0.24231613562082885
1482,734.0632149435413,0.24209019845668261
1483,734.7645031227491,0.24789290246463472
1484,733.9214700636377,0.21668968474901523
1485,732.9425176870476,0.24449661716361604
1486,735.118646653196,0.24181301947573897
1487,735.5974806426669,0.20347249379538665
1488,736.7075299680225,0.19449619964623088
1489,736.2714757837381,0.1887628894476118
1490,737.8586874035169,0.20358746107490944
1491,737.2742842466347,0.1878990759599451
1492,736.4975326342005,0.21117436407618953
1493,736.6024367512025,0.23512288498826966
1494,735.9110240302523,0.2602331010181989
1495,736.3365465876648,0.26961024543668444
1496,736.9490691428879,0.3182026268471738
1497,736.6172306515895,0.3345246023206732
1498,737.5192474100334,0.2957568133949991
1499,738.0253016605624,0.28018543597105866
1500,738.9364917273649,0.34574735142334007
1501,738.200990719623,0.3607516857755985
1502,737.5948340738255,0.346585727899941
1503,738.4158442632634,0.35536626385065967
1504,740.0681326889435,0.3785568712423401
1505,739.0517262531549,0.37877669358106003
1506,738.6319777938446,0.33858245416915883
1507,739.0882415982312,0.3941625632297192
1508,740.4054573406737,0.42335652777414545
1509,741.7653253968948,0.42130964585622227
1510,743.3362953480612,0.47689831180698855
1511,744.1693025629601,0.46786670081746606
1512,746.5472695090843,0.5472999676074839
1513,745.7176876223789,0.5089458806270558
1514,746.6961263439418,0.43431002284305953
1515,745.4045183248612,0.40339860238928293
1516,745.9556215108033,0.4273804293592771
1517,746.319195062417,0.47620648936500076
1518,746.1302432712884,0.4457877389882746
1519,745.9952530402468,0.42761363998351337
1520,745.815118094873,0.447885684829059
1521,746.3137050536808,0.4122745289900604
1522,748.2645527634525,0.2912695967924036
1523,748.97186085679,0.2879622256357373
1524,748.6367409814947,0.29845891837326577
1525,750.9026553694579,0.25065592138973836
1526,752.2308359333389,0.1840486233261471
1527,753.1368808681764,0.18629048450712907
1528,753.3075053102027,0.19781122164538745
1529,753.319885010775,0.2057831482904714
1530,751.6882460490972,0.21905670788819767
1531,750.7039541591636,0.28803349107797815
1532,749.9546348461788,0.3822169924309481
1533,749.2126092611276,0.3872231127527053
1534,749.5085738243421,0.4063699349216197
1535,749.6444733065009,0.42443879055344547
1536,750.8469819243592,0.4330925064610812
1537,752.2271078563473,0.39895812696208655
1538,751.8866284635703,0.3459344799976052
1539,752.0639869184315,0.4099342144101266
1540,751.721137906324,0.4211479859761942
1541,753.5509329230359,0.41727763194867906
1542,753.8113855704239,0.43054965392250405
1543,754.2387545289477,0.4521973099664239
1544,755.4570375889407,0.41301781287126776
1545,756.4221970751827,0.42579232811601125
1546,756.8619811146563,0.4871147504738879
1547,755.9433026791183,0.5471281411400652
1548,757.0306600670147,0.5313648559806051
1549,757.391121481176,0.5643552340733811
1550,757.138250334485,0.564023960136616
1551,756.9122512362248,0.5293289606281093
1552,756.5620700707947,0.5281163513056711
1553,755.9643488693476,0.5441698245937001
1554,756.9176282852297,0.4896181846209297
1555,758.7884385027934,0.44080729392999424
1556,758.6086469568996,0.47010001964379866
1557,759.6141186163022,0.3872397337490281
1558,760.5416129295007,0.3691175166961741
1559,761.9053714774084,0.3788308367336067
1560,761.5259385363399,0.37302580016503684
1561,761.3322547549318,0.37937080716640303
1562,762.0420090322414,0.2961756059256522
1563,763.2516922922142,0.29563922388298564
1564,763.5631911963833,0.2393954401846658
1565,765.864099876889,0.1612896316192149
1566,765.9221922024359,0.11830964628421761
1567,766.5647323963271,0.0861744132221304
1568,767.5981926658346,0.029316799020536417
1569,768.8451989954558,0.013787820391938141
1570,771.2996814373487,0.03855803706985197
1571,772.818851233609,0.02905531464145643
1572,773.8051235612112,0.00557972731344605
1573,772.675671842229,0.04678756288448416
1574,773.1787036022948,0.04591112839825506
1575,774.0657088930991,0.08093375834517336
1576,774.1268989426964,0.08453304233377186
1577,775.2087183673916,0.06415844090219043
1578,775.2824461315093,0.10339638241185187
1579,775.7306881620021,0.0979601359325836
1580,777.1054969059849,0.11866905847233628
1581,777.5294642629826,0.1602867207430062
1582,779.1624073853743,0.15202267892655277
1583,779.8411725906553,0.09948393654604729
1584,778.9804176910117,0.03731017495769207
1585,781.0653321075563,0.01971983949108801
1586,781.0515333059216,0.08265335835110187
1587,782.7269807235771,0.05916352479315984
1588,783.254418588157,0.07667754518840618
1589,784.3155757623335,0.15319625432830075
1590,785.5242288050428,0.10587753555118762
1591,785.8932385086315,0.17240365037576091
1592,785.9141640841946,0.18381182226916107
1593,785.6569682410238,0.14536553281317469
1594,785.5884973061488,0.11158762586831583
1595,786.5991759462335,0.1430653859297392
1596,787.1696404925532,0.13779000960475693
1597,787.0839165094176,0.06888062022539475
1598,788.0286940984455,0.12591153695813317
1599,787.6664567665171,0.16607861578546407
1600,787.6787848710806,0.14993500739988908
1601,787.8422293134593,0.16029692594756695
1602,786.7839120925154,0.1792639300171257
1603,786.7786616975441,0.11227028509142714
1604,788.3881474035953,0.13705106311297321
1605,788.0466587518026,0.12960101319983666
1606,788.2877533084768,0.14015895590909466
1607,789.3900838600342,0.10941220194783335
1608,790.3345647819339,0.134191128017258
1609,791.2792574031569,0.1390602465146848
1610,792.9970557378413,0.17313620897980403
1611,793.1518080090596,0.15957669266271818
1612,794.1965539905167,0.1671157291377137
1613,795.1584254449406,0.20987345572704916
1614,796.1822187188196,0.19404293167042938
1615,797.8440834113951,0.16308348831367195
1616,798.8410604015103,0.16535705612497134
1617,799.8792396995875,0.24161368506207692
1618,799.4033833759636,0.14137553236797085
1619,798.7448767296623,0.11635178166738953
1620,798.7708193332729,0.1586684636119276
1621,800.5796190642848,0.18549233171036764
1622,801.3381549165605,0.18517176098108923
1623,800.6785260865721,0.13021353334547697
1624,801.7430798202065,0.0797997969749521
1625,800.9791240393405,0.0807390285570992
1626,801.5281173224939,0.13791810061283416
1627,801.9179255561226,0.09729592461365989
1628,803.9869361869071,0.08316714356716153
1629,805.28957348017,0.06881829272690233
1630,806.4456578206707,0.09195497150137122
1631,806.3055666815903,0.09964851222045645
1632,807.7685381919824,0.058827618559723086
1633,807.2798149462286,0.07644344533047807
1634,806.7575815242662,0.04658768167066503
1635,808.2755361088318,0.10972066726199295
1636,807.8699521259334,0.17548856808870383
1637,808.6757787184507,0.12684708426026667
1638,807.488580599884,0.14231049952600627
1639,807.620955587976,0.22750085031208364
1640,808.7986290588137,0.1652397196117605
1641,808.9829459499513,0.1149099650566252
1642,809.5734025791778,0.11997484550990087
1643,808.6967152654231,0.11371152529506555
1644,808.7655654245285,0.15829177015230805
1645,810.2960308818947,0.16018066746368373
1646,810.4478563884741,0.14396186179425344
1647,809.2415771678234,0.13320347158039683
1648,809.234812455702,0.08122403072293782
1649,809.5247624149921,0.15978258718767513
1650,810.9105691951319,0.16495532245372488
1651,812.1878218727185,0.19110610881746287
1652,813.449683217078,0.15616117625003298
1653,813.8461806356712,0.13581243995953501
1654,815.6045588701896,0.08838918860468234
1655,817.3276634075612,0.07449029686512453
1656,818.3260093445786,0.06459912444935927
1657,818.5471102260652,0.07417540574224805
1658,818.1756448199798,0.033474304100830514
1659,818.1668571017711,0.08011929550925116
1660,819.9077692356035,0.11517851611813178
1661,821.6137366930955,0.0988890644890212
1662,821.8206840650221,0.09573269328812062
1663,820.7754201378311,0.11243230027716251
1664,820.835265345861,0.07953984802602167
1665,821.5150874653644,0.07881221132152208
1666,823.1377342200766,0.020037007936229367
1667,824.8406880313404,0.03960970775661875
1668,825.2270454764284,0.10527711314623932
1669,824.9000061019746,0.1205533995544675
1670,825.2697167561697,0.09471115720645232
1671,824.6415446433077,0.10997172634441928
1672,824.00312308893,0.07150311578062855
1673,825.8371991402624,0.06612801770363207
1674,824.8536417672818,0.1288654234046958
1675,824.2866456556068,0.09926915503957963
1676,824.2101481336356,0.14685261923776882
1677,824.2766361985125,0.10295119200062888
1678,824.761622464177,0.10532543881133496
1679,825.937382582649,0.11077895162968311
1680,827.1040345151188,0.06421654483356992
1681,828.2693883207448,0.05225441898482088
1682,827.4613792142418,0.03455228140437076
1683,828.5427987299996,0.09298011209312318
1684,828.3926814856001,0.016547468630374235
1685,828.2215073217593,0.07852341732345591
1686,827.9155476359306,0.01762053952861315
1687,827.0978434633332,0.012531679873752666
1688,828.2599203462388,0.014346625947993987
1689,830.042465966234,0.02688487652849137
1690,831.9124903689176,0.043864835820823615
1691,833.2770398081125,0.11345596218231208
1692,833.5683939086232,0.08211393308335575
1693,833.5984708192211,0.0444660706915199
1694,833.1905951979235,0.10015947838647163
1695,834.348783411526,0.0660761945852413
1696,834.8900858608308,0.04037388417954141
1697,834.7256654833953,0.04967623822828603
1698,835.4511383302624,0.06933393918803193
1699,836.0978470279524,0.037189017198651135
1700,837.6486129230559,0.1302438182232882
1701,839.5278854300652,0.18184082511096883
1702,839.4522041713716,0.17580612787074523
1703,840.4065706757912,0.21578469478738582
1704,840.9397720564699,0.1455788409029177
1705,840.6603010916959,0.12474723028645013
1706,840.9563375189404,0.16691850096446303
1707,843.0909717278655,0.133990436314939
1708,843.7845296534258,0.0604104832792164
1709,846.3576094380436,0.0017075466802287803
1710,846.9577959422708,0.022317123969465107
1711,848.6049678645395,-0.003048236930651014
1712,849.9717561925003,-0.005410617999325273
1713,851.9235014154353,0.018014118422409936
1714,854.0200393445419,0.043796146192421816
1715,853.9092947267055,0.09314092371864245
1716,854.2544949062237,0.015809398983592376
1717,853.5257897849243,-0.0350231943074853
1718,854.7415111549838,-0.07794814721298648
1719,855.9717218511589,-0.044702232669680715
1720,855.0332751752961,-0.021528215057530654
1721,854.1567880868032,-0.10119989578539519
1722,855.1722817409419,-0.1009263336269628
1723,854.7196248826867,-0.04730698837592886
1724,855.3394249282937,-0.09341637819727158
1725,855.9445793207445,-0.015808597830383242
1726,855.4736610837706,-0.012703955591417291
1727,855.6581311782253,0.060571849531376135
1728,856.5440127110671,0.08627383020971302
1729,856.6291388686573,0.10680746607683679
1730,856.7058419929095,0.117152441124996
1731,856.9384152941965,0.13261498393547594
1732,858.4760802837436,0.11738547900191851
1733,858.5247233061316,0.0977260868600467
1734,859.371051584461,0.10546616989302708
1735,860.3000403141044,0.18089267099490408
1736,860.7722937054579,0.13896107864325768
1737,861.028420069016,0.14671635831792051
1738,861.6697051727328,0.1504078744976527
1739,860.9847175256757,0.15266541166867603
1740,862.5737553574625,0.0964924306716631
1741,863.3728822259613,0.08137562010985476
1742,863.1703391542691,0.0419983900007429
1743,864.6141799254549,0.05278710470340699
1744,865.4180993018603,0.04291878617812595
1745,866.381783450812,0.03301313720675988
1746,866.181605552925,0.04314108572662532
1747,864.7913008988929,0.034451436146613605
1748,865.3808482724415,-0.0009393338317245231
1749,866.3118766321539,-0.030560898458310455
1750,866.5826472933132,-0.025270495250213094
1751,867.3266412379913,0.027681186505722776
1752,868.9271376338093,0.04901372601544765
1753,869.4986031357928,0.05467338573758024
1754,870.1433686855675,0.04928251683268527
1755,872.458513925749,-0.006517095088858192
1756,873.8731171577533,0.013824390659278474
1757,872.7966350675164,0.06282280465827575
1758,873.3090456407609,0.075978890069818
1759,873.1148171979795,0.017301657818208513
1760,873.9631590902172,-0.009033428586139956
1761,873.258444488335,-0.039045219752364496
1762,874.7028420086832,-0.0762090953325554
1763,875.2014990576732,-0.15398905482703407
1764,876.9497356876656,-0.2257539280596938
1765,877.8837020610658,-0.24937757308159442
1766,878.8490036558557,-0.27157384730911105
1767,880.1120145381835,-0.2606184723133525
1768,879.9467652997597,-0.2382116335585741
1769,881.4759528410217,-0.18489944002377504
1770,880.5791140346707,-0.12527761431987763
1771,882.2578635230408,-0.12272514132214615
1772,884.0515165670812,-0.16085726385082594
1773,883.3365640845706,-0.19893079672853936
1774,884.8161225370158,-0.2143966481800343
1775,885.4537911015796,-0.0628284710701493
1776,885.8929054704466,-0.05078887091892353
1777,884.1195729636806,-0.014352734843378394
1778,884.0214358355092,0.005028109207572018
1779,883.9585027050483,0.009907660422060217
1780,883.785695953266,0.009990630529478307
1781,885.2175717775812,-0.028820234519371803
1782,884.7055810584575,-0.00902163685855202
1783,884.5948181329736,0.012374340404131885
1784,884.671640221262,0.09833347292307115
1785,886.2388275042143,0.11454005888778789
1786,886.2767625005313,0.1320556877636018
1787,883.8491311289487,0.1255439133418705
1788,885.8585386046084,0.1306202113115573
1789,885.0707120586137,0.16258467268610619
1790,884.3289938306071,0.15979923743669636
1791,884.1388239999711,0.07553753410056618
1792,885.0133285001226,0.04286293367103199
1793,885.1006628277512,-0.0016366066503776117
1794,884.3996627078401,-0.018020245639970206
1795,884.5863850818669,0.014038817328856062
1796,885.204806769463,-0.038520912379643425
1797,886.13066418997,-0.04725998242891976
1798,886.5584530061053,-0.06495949751695354
1799,888.658845488384,-0.0679565107733699
1800,888.7475087299562,-0.029335001021819386
1801,890.5838859330585,0.0646211954292116
1802,890.9612760909583,0.0016234513417202473
1803,891.243588085837,-0.007370662883833425
1804,891.4753589887554,-0.004154722971590452
1805,891.6553349609497,-0.0023387781932997366
1806,893.4827145724955,0.006260085564613049
1807,893.6787044136519,-0.028409218354013534
1808,893.9923112374048,-0.043051462204687
1809,895.3546501203919,-0.043918387486511265
1810,895.088459094453,-0.10134564246391639
1811,894.3207121915585,-0.0792604562718278
1812,895.1034085686425,-0.08954523107975021
1813,894.4993105088348,-0.11675311297946503
1814,894.586123760001,-0.1858573706067202
1815,895.8442761698387,-0.2059678473516474
1816,896.6157996579884,-0.24075235068884832
1817,896.842744683195,-0.27063480206909224
1818,898.381210763006,-0.27132428382903523
1819,899.3272100495149,-0.3133535289289385
1820,898.8801662807714,-0.316216194236792
1821,899.1928805590145,-0.26313473297667306
1822,898.0627752480318,-0.24614590486800442
1823,899.3079656004187,-0.22335447907083383
1824,900.2842176070623,-0.2625164922832623
1825,900.7005677218083,-0.2305173680023586
1826,901.8315038596095,-0.23698310371562623
1827,902.8381928118348,-0.2389859552266795
1828,902.7353062636137,-0.267699952370354
1829,902.2865143010099,-0.2763043389426943
1830,902.6127960858635,-0.3261833894695746
1831,902.7467386558045,-0.33799051971418964
1832,904.1920800575277,-0.2644254559792479
1833,903.7204194026816,-0.26630373361041965
1834,904.0716909371022,-0.23810216762166841
1835,904.6705620684078,-0.2443805144674725
1836,903.9776455915367,-0.2693852602012614
1837,904.4820460361564,-0.25568192895853803
1838,905.5785676832013,-0.1949514139827174
1839,906.4393106627871,-0.2082976201203425
1840,905.4503462890784,-0.21876990798438892
1841,906.3821671948382,-0.28134598485225526
1842,907.3500398735833,-0.32457336286892574
1843,907.3068655390084,-0.3523291937424789
1844,907.7430591702886,-0.33122142256479686
1845,908.7102011193439,-0.3319380755789898
1846,908.4370499643398,-0.30010289288352493
1847,908.4448378841146,-0.3588056969187379
1848,908.2209522771342,-0.33926999238496064
1849,909.9260502360245,-0.2810588836574145
1850,911.039436972634,-0.3163138286681108
1851,912.0527274111448,-0.35733838683388447
1852,912.2110634896736,-0.2751190087536409
1853,913.9740037608263,-0.2297326108822814
1854,915.5773024076411,-0.19019372425104317
1855,916.5505461434643,-0.24058230215005358
1856,917.3414379291094,-0.2841133228317452
1857,916.0559359082207,-0.28788069468132377
1858,916.3681925239724,-0.23894768019033372
1859,916.5531308453416,-0.2820787240350602
1860,916.7264306478314,-0.31374904246103363
1861,916.9191224623448,-0.23151745879189378
1862,919.8434871365783,-0.2079632092071503
1863,922.0343232681345,-0.19886904598011027
1864,923.8758570487357,-0.24294611244737363
1865,923.6194274229686,-0.1982704032071413
1866,924.1706415161082,-0.22915453925661178
1867,924.1625273645766,-0.1915853930877913
1868,924.9323554948894,-0.23539491675638102
1869,925.141721461023,-0.26243003762387174
1870,925.8952943433546,-0.27737842636450977
1871,925.9699763528725,-0.21032095518243457
1872,927.6744913173516,-0.17576041735042658
1873,928.2121800576541,-0.11283247673174104
1874,929.0874597725697,-0.1150107133045547
1875,930.8821169344619,-0.09860892739845949
1876,929.9385907822581,-0.06560249937345408
1877,930.1767552243182,-0.025925998074165513
1878,931.6350594576107,0.017680148559774844
1879,932.7173015012049,0.07275926004729225
1880,934.6469925714894,0.0665611148737041
1881,935.758206569603,0.07174809918633897
1882,936.8758902032954,0.07314938311562741
1883,937.4114220668142,0.10478799937526762
1884,938.1753083723412,0.09713719699328811
1885,939.32065749134,0.11508967705638977
1886,940.263197053945,0.17484255132491397
1887,940.3078067706383,0.15802940736628557
1888,941.6882779719765,0.2097883609471344
1889,941.8221773329457,0.15241673578652742
1890,943.3035586474452,0.19989406773598886
1891,944.8925800578587,0.19811756142035455
1892,946.9356217694436,0.2720606755718329
1893,948.0736089999211,0.309918820090718
1894,948.2433048991837,0.34976142663023807
1895,948.8763188725145,0.373209424147209
1896,948.9832481701867,0.40366685944555275
1897,947.9652837858175,0.49817804392485354
1898,949.7379578441027,0.46863939544842903
1899,949.0087425911197,0.5064487381268475
1900,949.9645538777309,0.519184699750338
1901,952.4926538759232,0.5208780243541062
1902,952.2417379557336,0.5864422841588275
1903,952.0711835687946,0.5563559431985772
1904,952.8118605812307,0.5450238450134544
1905,952.7371587870675,0.5687705913932115
1906,953.8004002369108,0.5776059522420223
1907,953.0959287410204,0.5758496765338857
1908,953.4337235348207,0.5847633782998407
1909,954.5742359097462,0.6924711723853257
1910,956.9185777733512,0.7606650255128337
1911,957.0845564519831,0.7445887504513559
1912,957.3322724016958,0.74885655919867
1913,956.4079896784816,0.6899099978877284
1914,957.8231560309889,0.6672148446948922
1915,958.5762234147182,0.6731812847485632
1916,957.853097580681,0.6085513170356995
1917,959.163335689651,0.6204118232638187
1918,959.6560612946132,0.5946650803489987
1919,958.7385678216212,0.5361628953391386
1920,958.4525096383934,0.5532919002377863
1921,958.7785134175709,0.5833460726080708
1922,959.2969490331603,0.6424414547668971
1923,959.3897777537975,0.5980859055213907
1924,958.5729778715838,0.5931945414781554
1925,960.0165286517241,0.5736758693110925
1926,960.8012251437959,0.5179274992605163
1927,960.1047069329101,0.44596318773950616
1928,959.8367054303243,0.476088828714532
1929,959.5378216066083,0.45189746100934014
1930,961.1801434251574,0.39302594741085567
1931,961.9614827684088,0.3595191378438618
1932,962.8239051550948,0.3847400143370739
1933,961.7699591396773,0.4258002529551738
1934,960.6954480484524,0.48565877899578214
1935,960.3633127381992,0.5637594822158302
1936,960.4987496029511,0.528770000120808
1937,960.9888662307295,0.49178735080943115
1938,961.4046110315123,0.4803435217329838
1939,962.2076207365265,0.45006217276499166
1940,962.390546585846,0.41075496798868577
1941,963.227935014944,0.37881740178408446
1942,962.6108642141232,0.38108059082358076
1943,963.9426771125816,0.45109346512244286
1944,964.193154321474,0.45623890589692306
1945,965.8794228779635,0.4484768699072402
1946,966.994750439072,0.3869001743880135
1947,966.3253766268969,0.38876614857886344
1948,967.7343170886822,0.4261495851936776
1949,969.242360981278,0.44504860182978223
1950,968.885236097652,0.5451798431658583
1951,970.1068880983559,0.5380029712874798
1952,969.5233269748323,0.5855585162618747
1953,970.6836774103786,0.4796103317024908
1954,971.3158833237867,0.45999265893961333
1955,970.704423419405,0.4094816430266274
1956,971.3175958987837,0.3863248382335018
1957,970.8689857309352,0.42225413116259103
1958,971.159910436184,0.41068892114108224
1959,971.0596032732747,0.3977141449641025
1960,970.201626939585,0.4794952824492902
1961,969.4086560744953,0.4900026184921419
1962,969.005896095695,0.46330570145471217
1963,970.9589301883144,0.4792863847467395
1964,971.0930048402922,0.5418898200922775
1965,970.3677136354775,0.5266417427236746
1966,970.4694978820314,0.5172599395363557
1967,970.7663014349015,0.5370410035997354
1968,970.2865411990621,0.5056564897773876
1969,970.2604026616473,0.4886437590783691
1970,971.9473608219944,0.472060724961699
1971,972.787558297225,0.4546751546300627
1972,974.4797070478593,0.417871676010555
1973,974.1035089572281,0.43054666831094474
1974,974.4045513520708,0.4446008751809387
1975,973.9606187077843,0.4140911605964069
1976,974.3675837970368,0.42473130961510647
1977,974.7495619117379,0.4048188002897134
1978,974.8391498113066,0.4349237794577127
1979,976.1774377346403,0.4018133200198041
1980,977.0186052888847,0.3644533129403739
1981,978.1577288511496,0.3672010189167667
1982,978.7093199166297,0.4073537026553319
1983,979.5011616085138,0.347448972646347
1984,979.2871121125946,0.3689712652404846
1985,980.2126670430631,0.2831756325233461
1986,980.2716519974003,0.29550484555142653
1987,980.332452788506,0.3189455334513665
1988,981.6739329865577,0.34037330374112995
1989,981.9821039084609,0.2834122806536731
1990,982.3899762216315,0.25285825761647435
1991,982.8861881684855,0.22207729918472224
1992,982.5625465238415,0.21356095822846421
1993,982.4318806293802,0.19788437497726438
1994,983.4437730336213,0.14888931485763582
1995,983.9743206921797,0.1286506156121952
1996,984.148728540387,0.1377022660796508
1997,983.8828640710693,0.2003806340850351
1998,984.109875702007,0.20439480804518895
1999,984.7894300824973,0.30977268285441373
