time,exp_A,var_A
0.0,0.5454000660087697,0.7025387679976297
0.02,0.5486561449683691,0.6989516290726074
0.04,0.5654048508089866,0.6799261885774179
0.06,0.5725834431352901,0.6718871249538952
0.08,0.5789780763642814,0.664597125376174
0.1,0.5814034008127524,0.6618033333935097
0.12,0.5786833276352203,0.6649628112521536
0.14,0.5745701507603378,0.669547526421739
0.16,0.5720161391570193,0.6723019042572103
0.18,0.5694864718296455,0.675189268260117
0.2,0.5679055403460728,0.6769803134602347
0.22,0.5663420950128739,0.6786469788484095
0.24,0.5769322888298557,0.6663315510235502
0.26,0.5851025724514745,0.6568824824925803
0.28,0.5930345595171602,0.6475667264298365
0.3,0.6027149401870316,0.6362066234283258
0.32,0.6126872399505945,0.624667943988055
0.34,0.6120744152274032,0.6254625598412629
0.36,0.6062086237207478,0.6323642239002327
0.38,0.6006619681857439,0.6392127027796616
0.4,0.5929680883543312,0.6481493547231748
0.42,0.5859661524820517,0.6567180462757032
0.44,0.5794022456237035,0.6645841446213708
0.46,0.5784440954959702,0.6658443325277168
0.48,0.5774904793811284,0.6672517798541738
0.5,0.5758385917077388,0.6692514027915318
0.52,0.5649979339351561,0.6807525551458518
0.54,0.5472615887253538,0.699833446411457
0.56,0.5307619106319651,0.7171026917356984
0.58,0.5173720705319377,0.7309490805741689
0.6,0.5137908746039441,0.7349511423985484
0.62,0.5192746777038403,0.7289238830090169
0.64,0.5288647282718244,0.7189422996060847
0.66,0.5354696360314346,0.7119544436388228
0.68,0.5339499274491788,0.7126942231540434
0.7000000000000001,0.5153441277481019,0.7309521311659418
0.72,0.495665281714624,0.7509202893170398
0.74,0.4787776007619201,0.7670711434372854
0.76,0.4653391761730153,0.7808058674922063
0.78,0.4563687174365464,0.7905504887367713
0.8,0.4617387802097169,0.7865680433792342
0.8200000000000001,0.4664039887244574,0.7826925489396658
0.84,0.46694951294668086,0.7832851770064349
0.86,0.45727320759084433,0.784290892491758
0.88,0.45220277354654825,0.7922204455924035
0.9,0.44728288869139143,0.8063825567937728
0.92,0.42265784038118,0.8160038802523568
0.9400000000000001,0.39848626952001487,0.8294565551677591
0.96,0.3919478460362207,0.8450596732560829
0.98,0.3822169675577172,0.8493370486665258
1.0,0.34539788455664666,0.8607320421932657
1.02,0.3411816472080237,0.8744456684485243
1.04,0.33719301361692855,0.8818436532114134
1.06,0.33722044996756095,0.8903395819445838
1.08,0.3207608640143861,0.9028800754637464
1.1,0.31356529500122604,0.9069697248905427
1.12,0.3047043234835892,0.9185941219320103
1.1400000000000001,0.29845237263154906,0.9195798854024224
1.16,0.2717660697965354,0.9199518804415809
1.18,0.2699008029922821,0.9214880026977597
1.2,0.2752124691363015,0.9268041662779669
1.22,0.2706066674568632,0.9223586556909572
1.24,0.26096138229765675,0.9205253281422987
1.26,0.26654709253941294,0.9298787571307177
1.28,0.25543497184979536,0.932877463190486
1.3,0.24665767555281856,0.932137111542853
1.32,0.23212059723534617,0.9397935248320683
1.34,0.2352111986526842,0.9441776810690102
1.36,0.2096116952297126,0.9362727921151655
1.3800000000000001,0.21270132152531226,0.9456367634543346
1.4000000000000001,0.1951764549523734,0.9467214994756665
1.42,0.19188451172285434,0.9489248192592881
1.44,0.17282844945462617,0.9619037649783939
1.46,0.17085675669770323,0.9709530168297554
1.48,0.146771616054245,0.9672016411566429
1.5,0.1519744159877296,0.9726868885202322
1.52,0.1495996860349967,0.9690021001314719
1.54,0.15025387786397998,0.9721815954758908
1.56,0.15396495544040298,0.9710985831279919
1.58,0.16303872834218658,0.9760015109056273
1.6,0.16715393001242723,0.9771062355368834
1.62,0.1547632886083667,0.9821887284590899
1.6400000000000001,0.14633352392450932,0.9806355799881397
1.6600000000000001,0.1381812439212345,0.9864930195765022
1.68,0.1252310779496316,0.98447377437176
1.7,0.10574720343783614,0.9867955162858951
1.72,0.1085031230451023,0.9913635692954349
1.74,0.11125080272017684,0.9901076731871443
1.76,0.10375343148275959,0.9978355479345662
1.78,0.10301016158604112,0.9948931031225605
1.8,0.07460043031433103,1.0321440793875878
1.82,0.10647219804068729,0.9674736687712361
1.84,0.07423161846189265,0.9905788825522355
1.86,0.08098630940060203,1.0076034582447968
1.8800000000000001,0.07587739762541539,0.9951837458472509
1.9000000000000001,0.08288306126487079,0.9860061117972334
1.92,0.10198456836656035,0.979770090941138
1.94,0.11970200085288919,0.982098251433827
1.96,0.08978199238374263,0.9593584283456079
1.98,0.13260571275511007,0.969127947584003
2.0,0.09574124564331803,0.9892494137737393
2.02,0.09427986084417575,0.9929614462307585
2.04,0.10109946119854761,0.9792797333010789
2.06,0.08691480958124705,1.0054107682613727
2.08,0.027865325705167948,1.0114741168578134
2.1,0.05881938306657477,1.0082843952556073
2.12,0.07698046047145679,1.0012881048297042
2.14,0.0829875722372767,1.003050331874198
2.16,0.08492672427068254,1.0045795620541933
2.18,0.0657966275145262,0.9888783352383258
2.2,0.10483348384932456,1.013793093516158
2.22,0.09436138391334334,0.9809239942461627
2.24,0.04938935574432286,1.0019761178761708
2.2600000000000002,0.06889626117322886,0.9901660584345443
2.2800000000000002,0.05868624154636688,1.0122119105349174
2.3000000000000003,0.09678708907133585,1.0061115727510632
2.32,0.09320305153924857,0.9810462920777732
2.34,0.06170448774365237,0.9698914136062322
2.36,0.024150427785512907,1.003604455856156
2.38,0.049822534892268504,0.9923099454026896
2.4,0.08142507021833995,1.0122638984036871
2.42,0.026381290089056965,1.0222661050704296
2.44,-0.0008696345047303489,1.0055969073353637
2.46,0.03641775029501419,0.9928142987276758
2.48,0.03593962897283034,0.9840601351553506
2.5,0.037443257537417035,0.9979559800593515
2.52,0.07434343250770951,1.0281741391603605
2.54,0.029898894683935084,0.9988858350242441
2.56,-0.0020477320072729704,1.0098613902156255
2.58,0.028576608110267146,0.9985628966830054
2.6,0.042115283091733895,1.008868758241143
2.62,-0.0027167482617571764,0.9921942854738918
2.64,0.03231977919172966,1.0029514555859367
2.66,0.00803472701751027,1.005420286562979
2.68,0.029764272508377276,0.9849329983008066
2.7,0.03820219779361606,0.9879652700115421
2.72,-0.022709572165203203,1.0216018099773554
2.74,0.03204780513798188,1.008156883004299
2.7600000000000002,0.037500851153849206,1.0043355760908046
2.7800000000000002,0.0554709873219497,1.0226702767686398
2.8000000000000003,0.023878897336481287,0.9951292965557188
2.82,0.01375415667473196,1.0030153922224427
2.84,0.0652602063449987,0.9867157065342766
2.86,0.05974746798134862,1.0026244744515869
2.88,-0.0025533479534029582,0.9817937173622128
2.9,-0.014654828899635257,0.999120729687431
2.92,0.038713017909182905,0.9989747913733488
2.94,0.035127093160700354,1.0188738412863114
2.96,-0.050807693318802416,0.951783092799323
2.98,-0.03755017171248673,0.9969085822372941
3.0,0.048712870354175104,0.9930394623393384
3.02,0.018550439519116314,1.0046708198016918
3.04,-0.019916082494922827,0.97669591058511
3.06,0.04412928255148248,0.9855944075632117
3.08,-0.005270771455941573,0.9968834281785355
3.1,0.07367552851607119,1.0247110509373463
3.12,0.01932991698054719,0.9760217447537936
3.14,0.04697768391574157,0.9976436819363229
3.16,-0.04495367813582237,0.9970860446757529
3.18,0.028018820278773372,1.0124703409025646
3.2,0.02495618945898593,0.9816441713718604
3.22,0.07322630007308054,0.971457184430235
3.24,0.007664866292112032,0.9803553985353554
3.2600000000000002,0.01784304165795494,1.007712190998971
3.2800000000000002,0.005751720549365895,0.9984522412808964
3.3000000000000003,-0.009715591903430899,0.9675603805875141
3.3200000000000003,0.01041525261864749,0.9828135070251849
3.34,-0.013409610319103475,1.0044679686465097
3.36,0.0073566643690319705,1.0214191701899915
3.38,0.04113137760441489,0.9883501365714937
3.4,-0.008979778998067883,0.9730198962135247
3.42,-0.016418732465268468,1.0057317129086794
3.44,0.023333276979570293,1.0015382491133589
3.46,-0.01900484045681398,1.0101836988650275
3.48,0.07264729310576454,0.976916978527437
3.5,0.02196265022123752,0.9929016307228761
3.52,0.040040892595295446,0.9923204315221337
3.54,-0.04499439227701702,0.9971964765861082
3.56,0.014012961410782423,1.0019553487122328
3.58,-0.012063958829385105,0.9921032324619075
3.6,0.02343736147187594,1.0003323996897329
3.62,-0.05662859258474373,1.0015840291872156
3.64,-0.05619072885247387,0.9710030545191967
3.66,-0.021216635618252,0.9979572319410411
3.68,0.027826962464241854,0.9999699190071009
3.7,-0.002382373784488816,1.0045108614409113
3.72,0.019685782379852045,0.969952502962979
3.74,-0.006570977121485341,0.9914589913517519
3.7600000000000002,-0.03997746398504225,1.009565023472158
3.7800000000000002,-0.048466122956634605,1.0086605634683579
3.8000000000000003,-0.011676320341430724,0.981439410086428
3.8200000000000003,0.06707390104732375,0.9798983545891129
3.84,0.060941769395686934,1.0089906572352056
3.86,0.04542478104998275,0.9945188136536814
3.88,-0.022032290972504743,1.0007398187763474
3.9,0.06484951446857859,0.9929948560470006
3.92,-0.04530615995590962,0.992852831411751
3.94,0.0032976642306155454,1.0000438855173985
3.96,-0.01559900057926903,1.0013615813691545
3.98,-0.01536041098889021,0.9905620316899089
4.0,0.0080511972750959,0.994460860537852
4.0200000000000005,0.04277458895161556,1.0007695021168197
4.04,-0.004320966722831624,1.0080447685778313
4.0600000000000005,0.04077535155501715,1.0147072989085608
4.08,0.018834099006528625,0.9726231552165685
4.1,0.032613111076411405,1.0059130947325723
4.12,0.02016094011774416,1.0101537767508202
4.14,0.022937689928606918,1.0289440882392518
4.16,0.03357529481903539,1.0125980215695394
4.18,0.0380371097848259,0.9895900075627047
4.2,-0.03547217769496378,0.9728816339026718
4.22,-0.001978848407436391,1.01430486825992
4.24,-0.015497751670324123,0.9886211286337973
4.26,0.013973339164934767,1.0177068549705552
4.28,0.03020832994608528,1.0429691289876057
4.3,-0.042199289927953985,0.9946410982468731
4.32,0.027324035680957138,0.9917612230359976
4.34,0.005230299141636072,1.013153878589046
4.36,0.008073421957255158,0.9915820741238136
4.38,0.012377814714236974,1.01377600702542
4.4,-0.07908530694911445,0.9901836760482996
4.42,0.023448509221680684,0.9896533729948226
4.44,0.05030810044324456,0.9943765138395951
4.46,-0.04368404723912539,1.0225452844592193
4.48,-0.022598237436353884,0.9813010855713531
4.5,0.019030649472806523,0.9909021343168056
4.5200000000000005,0.025115714031868634,1.0183429144893894
4.54,0.06849077731638564,1.0076302780397468
4.5600000000000005,0.03571543838058661,0.992312842132306
4.58,-0.03063508126131262,0.9892345306844678
4.6000000000000005,-0.005646839564507129,1.0077243483933798
4.62,-0.041373896029382025,0.9643066714480897
4.64,0.023413029190397824,0.9873420853202018
4.66,0.03194848554483316,1.0199674362097295
4.68,0.03132713365650065,0.9929099802622466
4.7,-0.00577332000394055,0.9912396058097327
4.72,-0.009366674721032947,1.0168763289610612
4.74,-0.014545277692564246,1.0088904887393617
4.76,0.01349749303560238,0.9891925018434435
4.78,0.0377831717939396,1.0491687106985677
4.8,0.025439944601418404,1.0037826050963659
4.82,-0.008515620715738652,1.0097191452407275
4.84,0.04483566276255894,1.012692389483403
4.86,0.020051627796024783,1.0119061323242107
4.88,-0.01925389316141861,0.996175688095751
4.9,0.004977770686625696,1.0055501803823603
4.92,0.047403675316128185,0.9763187545418868
4.94,0.022634942786540505,0.9948613305756032
4.96,-0.01745508327512371,1.0045383311795333
4.98,-0.06325094675263364,1.016775090878597
5.0,0.004936600509884059,1.0162387538857554
5.0200000000000005,0.027908852958471245,0.9895055100221994
5.04,-0.01943032089458603,1.011071926517617
5.0600000000000005,0.002694727844250738,0.9923619990338217
5.08,0.01537192393947876,0.9930761232970142
5.1000000000000005,-0.05530406362942723,0.9964022165411666
5.12,0.015938853353611657,1.018432478468768
5.14,0.05907265001959245,1.0131135102566022
5.16,-0.0017264692832141392,1.006247269005125
5.18,-0.07232377850077278,1.0133582489723485
5.2,0.009714747485554719,0.985859540321039
5.22,-0.00587844181943202,0.9739104475296507
5.24,-0.0022930038562880214,0.9987168655736447
5.26,0.019640318641732293,1.0074014263240232
5.28,-0.0037423620015791985,1.031942840472517
5.3,0.02436804691221809,0.9807135349081626
5.32,-0.033901196828384134,0.9977428404927928
5.34,0.02321600390401149,1.0040909764505515
5.36,-0.011696178442603945,0.9902553349822671
5.38,-0.001889287715211259,1.0114824122724624
5.4,0.00889583043582338,1.0052802361806887
5.42,0.011834367673832025,0.9939620967183657
5.44,-0.05436095359616253,0.9731210189855676
5.46,0.0185874508544058,0.9976168741486012
5.48,-0.028449198147354478,1.0113936939722474
5.5,0.0017383979798714854,1.0053470135377358
5.5200000000000005,-0.03544397285272417,1.0000898620443925
5.54,0.06869794214867478,0.9783566467460689
5.5600000000000005,-0.000920371866405595,1.0039257029915842
5.58,-0.01115604217987346,1.0049791003651782
5.6000000000000005,-0.03437020286755806,1.0094016912778114
5.62,0.05572073202389209,0.9757322888699378
5.64,0.030824400166854296,1.0106064171714348
5.66,-0.04555960314637418,0.9957705681791312
5.68,0.018509906296478185,1.0099805581360741
5.7,-0.013905811529229758,0.9879169489759199
5.72,0.0434867984042765,0.9923352827273483
5.74,-0.008567485460709122,1.027106728665932
5.76,0.023174468224666376,0.9495499411948036
5.78,0.0012516559516641428,1.0155439932133608
5.8,0.003452587249238398,1.0176987170348724
5.82,-0.01816064914199774,0.989765467480524
5.84,0.021011629311428002,1.016366539412744
5.86,0.02410871760486324,1.013507839506787
5.88,0.025404935603412476,0.990085707964291
5.9,0.0270137403635339,0.9975605288385946
5.92,-0.016752666242204,0.9922387336492061
5.94,0.0015284843739235203,1.0044111909470415
5.96,0.06820652835951263,0.9990185755625783
5.98,0.005160076819084142,1.0457412976170617
6.0,0.03968138620677141,1.0331917792000251
