X_SCALE,ALPHA_I,weight,log_likelihood
14.467917323139702,0.4433779750292901,0.0005002501250625145,-0.26672958786669315
44.007437886438424,0.16491111946612053,0.001000500250125175,-0.26672958786669315
44.02242445460865,1.0004145592543743,0.00100050025012504,-0.26672958786669315
19.93252629581288,0.8094349347729987,0.0010005002501250087,-0.26672958786669315
20.96475995703217,0.7274591041209647,0.0010005002501251004,-0.26672958786669315
14.670620513838006,0.7803922333624086,0.0010005002501250755,-0.26672958786669315
35.84074987334759,1.2756910064758724,0.0010005002501249785,-0.26672958786669315
38.965284243257,0.8407931994681281,0.001000500250125015,-0.26672958786669315
36.0828938001701,0.5586851811766081,0.0010005002501250915,-0.26672958786669315
12.27664772290256,0.2411473782646827,0.0010005002501250345,-0.26672958786669315
29.541905236609246,0.5409699491617395,0.0010005002501250106,-0.26672958786669315
18.109483919366014,1.7612224040266917,0.0010005002501251793,-0.26672958786669315
36.450854927928575,1.9939265632894971,0.0010005002501250256,-0.26672958786669315
21.60565331702844,1.2800247168282086,0.0010005002501249892,-0.26672958786669315
40.50830897675736,0.28566816355542957,0.0010005002501251269,-0.26672958786669315
18.15696117300667,0.5753929347029899,0.0010005002501249874,-0.26672958786669315
41.01076380333605,1.334038495339272,0.0010005002501250221,-0.26672958786669315
38.85934271707541,0.5001860924769342,0.0010005002501251368,-0.26672958786669315
43.81983959342747,0.8323243181593465,0.0010005002501250035,-0.26672958786669315
40.48542668175806,1.710025606969193,0.0010005002501250239,-0.26672958786669315
33.493773222364474,0.9461597721406826,0.0010005002501249963,-0.26672958786669315
11.556327306603208,0.30715084837162504,0.0010005002501251839,-0.26672958786669315
38.159298714693264,1.249935781638856,0.0010005002501249866,-0.26672958786669315
16.474206579274004,1.2809668487476165,0.001000500250124984,-0.26672958786669315
21.9842810876375,1.4176462163945156,0.0010005002501251741,-0.26672958786669315
23.346302809989435,1.1294423270711018,0.0010005002501250505,-0.26672958786669315
12.086164249896996,0.7620720767070436,0.0010005002501249946,-0.26672958786669315
15.458122957591002,1.7778484597147992,0.001000500250125159,-0.26672958786669315
39.9290682655025,0.727427847265206,0.0010005002501250106,-0.26672958786669315
41.433186168423305,1.470303768541831,0.001000500250125031,-0.26672958786669315
49.330225605700576,1.8567390612561245,0.0010005002501250674,-0.26672958786669315
15.287766889164152,0.9698447797294516,0.001000500250125167,-0.26672958786669315
10.755768462153847,0.6384963271312939,0.0010005002501250026,-0.26672958786669315
47.88624262154018,1.1035695694431698,0.0010005002501250328,-0.26672958786669315
30.69060196959971,0.7768243600096667,0.0010005002501251713,-0.26672958786669315
40.944416572185034,0.5562267367822886,0.001000500250124975,-0.26672958786669315
30.08316165167328,1.5681287681452456,0.0010005002501250026,-0.26672958786669315
40.98089727041031,1.0493887670572448,0.0010005002501251661,-0.26672958786669315
38.53792298173618,0.7360338255178572,0.0010005002501250273,-0.26672958786669315
41.02116252846899,1.5328203944096992,0.0010005002501250362,-0.26672958786669315
15.736223695986764,0.7775574890357401,0.0010005002501251065,-0.26672958786669315
22.384462400269097,0.49864772203746,0.001000500250125006,-0.26672958786669315
24.937238903397486,0.3624464583218594,0.0010005002501250612,-0.26672958786669315
47.927620971701565,0.9860131268903807,0.001000500250125055,-0.26672958786669315
17.858161595682546,1.0685465533016658,0.0010005002501251394,-0.26672958786669315
42.2274580963062,0.4242342105768232,0.0010005002501250523,-0.26672958786669315
32.60689126827967,1.777054470318143,0.0010005002501250328,-0.26672958786669315
39.830056758811814,0.38636343480233704,0.0010005002501251331,-0.26672958786669315
48.104508622163806,0.869403845277769,0.001000500250125078,-0.26672958786669315
16.126911833531498,1.5356292015126667,0.0010005002501250594,-0.26672958786669315
40.800736615967665,1.5356618647710882,0.0010005002501251624,-0.26672958786669315
40.39269591380704,0.14791324639916031,0.0010005002501250026,-0.26672958786669315
11.09977535214352,0.1409112670228505,0.0010005002501250505,-0.26672958786669315
18.593023804842026,1.6935317750581382,0.001000500250124998,-0.26672958786669315
32.459824009105155,0.15711984404237847,0.0010005002501251848,-0.26672958786669315
40.662176550856174,0.4800591330221581,0.0010005002501250737,-0.26672958786669315
28.806825883156367,0.28703335057896373,0.0010005002501249892,-0.26672958786669315
46.96011307382716,1.590497142377367,0.0010005002501251128,-0.26672958786669315
16.099059573367835,1.3491316450485071,0.001000500250125014,-0.26672958786669315
24.05144739841232,1.9067348849182104,0.001000500250125063,-0.26672958786669315
17.614069622368564,1.5373419469164364,0.0010005002501251162,-0.26672958786669315
29.892727694590818,1.2554960434929776,0.0010005002501249866,-0.26672958786669315
33.693864077495405,1.2824977803699216,0.001000500250125006,-0.26672958786669315
45.24452575995663,1.3202978995506889,0.0010005002501251403,-0.26672958786669315
18.11071402183004,0.11438741372476104,0.0010005002501250256,-0.26672958786669315
31.068085199066093,1.021141130155291,0.0010005002501250594,-0.26672958786669315
31.338121151465884,0.42751606782624496,0.001000500250124983,-0.26672958786669315
20.86840354617862,1.5424624130290066,0.001000500250125175,-0.26672958786669315
47.547739300661675,1.1224655440951083,0.0010005002501250184,-0.26672958786669315
40.58003521516211,1.0781879294151782,0.001000500250125031,-0.26672958786669315
48.78851131563226,1.7065395940033286,0.0010005002501251297,-0.26672958786669315
43.29321740151755,0.6204796233758126,0.0010005002501249794,-0.26672958786669315
11.89000274667006,1.5013930807263793,0.0010005002501250683,-0.26672958786669315
49.556828780813035,0.3001549156017431,0.0010005002501249811,-0.26672958786669315
14.665515536357123,1.2910360244093522,0.0010005002501251882,-0.26672958786669315
19.963806494331852,0.1070489334031962,0.0010005002501250176,-0.26672958786669315
40.34234236004526,0.13027019091512526,0.0010005002501250523,-0.26672958786669315
46.1747213031158,1.3519601424118721,0.0010005002501251056,-0.26672958786669315
43.686617533784904,0.694161600166527,0.0010005002501250692,-0.26672958786669315
34.35726936939468,0.1881515864717418,0.0010005002501250451,-0.26672958786669315
48.10858524272322,0.4005503254743462,0.0010005002501251661,-0.26672958786669315
41.06449561803636,0.20335412582591997,0.0010005002501250052,-0.26672958786669315
36.26289839156515,0.8974664043588916,0.00100050025012504,-0.26672958786669315
34.21349782253745,1.508701426488812,0.001000500250125128,-0.26672958786669315
35.43163566062647,1.9802993683100651,0.0010005002501250497,-0.26672958786669315
37.82400142675633,0.14884708013607229,0.00100050025012504,-0.26672958786669315
22.305985119950257,0.5199128985335312,0.0010005002501251856,-0.26672958786669315
48.15475885426841,0.9562927532112648,0.001000500250125048,-0.26672958786669315
19.690070249202456,0.9519413975298835,0.001000500250124992,-0.26672958786669315
39.407799545571976,0.5206376298245257,0.00100050025012499,-0.26672958786669315
43.72901912898425,1.7011118052231198,0.0010005002501251368,-0.26672958786669315
33.97566093307977,0.4470418454834284,0.0010005002501250594,-0.26672958786669315
11.891164801229998,0.6944582705743855,0.0010005002501250416,-0.26672958786669315
39.963133751121866,0.6530844165384924,0.0010005002501251208,-0.26672958786669315
45.914708696108995,1.1236844356469575,0.0010005002501250017,-0.26672958786669315
17.073352279647217,0.26163534130478594,0.0010005002501250674,-0.26672958786669315
21.185650625240914,1.3498985714483929,0.0010005002501249794,-0.26672958786669315
46.52048950545259,0.3563251009981544,0.00100050025012519,-0.26672958786669315
49.109311439567946,0.1230645141753049,0.0010005002501250362,-0.26672958786669315
49.11407434882681,0.9172972624766597,0.001000500250125054,-0.26672958786669315
45.491157008077806,1.9033238456707309,0.0010005002501251741,-0.26672958786669315
18.896330709595716,1.042022482805377,0.0010005002501250195,-0.26672958786669315
22.902166024502616,1.1494509446669292,0.001000500250125007,-0.26672958786669315
36.79756735967318,1.2289838497580554,0.0010005002501251446,-0.26672958786669315
10.393631255630758,1.289077930436478,0.0010005002501250293,-0.26672958786669315
16.10236973252274,0.9982172131759096,0.0010005002501250345,-0.26672958786669315
32.12638224973983,0.41873129094789474,0.001000500250125112,-0.26672958786669315
29.244884081493257,1.3407318696607085,0.0010005002501249785,-0.26672958786669315
39.28964045262411,1.9650207086412144,0.001000500250125007,-0.26672958786669315
26.80624642046981,0.5438618222179,0.0010005002501251154,-0.26672958786669315
14.328825317914436,1.5691869772086162,0.0010005002501250577,-0.26672958786669315
16.998705310630164,1.9691141054102062,0.001000500250125006,-0.26672958786669315
26.784705537662738,0.8626220276124037,0.0010005002501250328,-0.26672958786669315
40.894647362796945,0.19564985627623274,0.0010005002501251021,-0.26672958786669315
19.257827999432816,0.8301641723591441,0.001000500250125047,-0.26672958786669315
39.78941819994915,1.6479143656117028,0.001000500250125048,-0.26672958786669315
11.224877858347785,1.985622638600171,0.0010005002501251128,-0.26672958786669315
30.122636822734293,1.350402806692189,0.0010005002501250594,-0.26672958786669315
37.67266228992919,1.9585506474199836,0.0010005002501250807,-0.26672958786669315
48.4471541051867,1.933519663990468,0.0010005002501251297,-0.26672958786669315
38.84546278686011,1.9259398181609617,0.0010005002501249892,-0.26672958786669315
40.32328188043102,1.7497954890672456,0.0010005002501250328,-0.26672958786669315
15.045590606518866,1.3519251186393746,0.0010005002501250124,-0.26672958786669315
40.24982759053998,1.7285041829155627,0.001000500250125111,-0.26672958786669315
37.28098718713161,1.1895628122529502,0.001000500250125023,-0.26672958786669315
32.737085567918456,1.093171031262598,0.0010005002501250017,-0.26672958786669315
39.824215609634095,1.2182457848006545,0.0010005002501251331,-0.26672958786669315
38.01278357801431,0.34627167574689455,0.0010005002501250115,-0.26672958786669315
29.90575904134448,1.8993463974709428,0.0010005002501250594,-0.26672958786669315
14.431358221805146,1.8235531620763725,0.0010005002501251297,-0.26672958786669315
45.86801970879699,1.3907604879325122,0.0010005002501250434,-0.26672958786669315
19.657519171754984,0.3075714741463721,0.0010005002501250328,-0.26672958786669315
48.792260496395365,0.6914499241427353,0.0010005002501251128,-0.26672958786669315
34.02307508787251,1.7020486895830054,0.0010005002501250336,-0.26672958786669315
17.91347277993998,0.9016741692919865,0.001000500250125014,-0.26672958786669315
34.10475713308697,1.1671539804917124,0.0010005002501251928,-0.26672958786669315
28.529661898528452,0.9735875659756726,0.001000500250125014,-0.26672958786669315
39.44954039033509,0.9635106675674093,0.0010005002501249955,-0.26672958786669315
25.195921989562486,1.9046638870824566,0.0010005002501250382,-0.26672958786669315
15.862595743333934,1.3033054398493993,0.0010005002501251403,-0.26672958786669315
27.34321463359001,0.965388203557081,0.001000500250125054,-0.26672958786669315
43.52477301974906,1.5589817370620478,0.0010005002501249883,-0.26672958786669315
23.733902394478676,0.6053367048788989,0.0010005002501250657,-0.26672958786669315
18.29116271304806,1.688247495797783,0.0010005002501251722,-0.26672958786669315
15.929941026019637,0.5503671204718958,0.0010005002501250746,-0.26672958786669315
49.94665359784723,1.9473777328856556,0.0010005002501250273,-0.26672958786669315
32.753525607442945,1.9075957163768644,0.0010005002501251288,-0.26672958786669315
44.40852573901743,0.3367763146138392,0.0010005002501250638,-0.26672958786669315
38.77259846185446,0.7512989287126823,0.0010005002501250737,-0.26672958786669315
12.784758496538352,1.1784086082322203,0.0010005002501251243,-0.26672958786669315
24.758660746121777,1.6290773190714973,0.001000500250125023,-0.26672958786669315
48.00130819730206,1.9353330787609837,0.0010005002501250026,-0.26672958786669315
36.256808279875074,0.8688741629074588,0.0010005002501251644,-0.26672958786669315
34.04946381017848,1.8389761529701567,0.0010005002501250273,-0.26672958786669315
32.47014208938158,0.558453532364488,0.0010005002501250462,-0.26672958786669315
24.229994243982294,0.9182194609833974,0.001000500250125111,-0.26672958786669315
25.119348348009183,1.679607297480311,0.001000500250125031,-0.26672958786669315
43.951005770830534,0.3630170143051562,0.0010005002501250026,-0.26672958786669315
35.324191771138615,1.9833280815609333,0.0010005002501251535,-0.26672958786669315
30.33377697379933,1.5132446856275057,0.0010005002501250666,-0.26672958786669315
32.16801552505029,0.7725566657909231,0.0010005002501250043,-0.26672958786669315
26.356608894565955,1.8131680392549978,0.0010005002501249662,-0.26672958786669315
31.931259320603402,0.6502347597556369,0.0010005002501251555,-0.26672958786669315
17.535392244970467,1.4920882609167005,0.0010005002501250373,-0.26672958786669315
37.03333847092176,1.8496162232137852,0.0010005002501250106,-0.26672958786669315
38.5504206846433,1.575949201287161,0.001000500250124999,-0.26672958786669315
48.76441873685738,0.4115128048079083,0.0010005002501250887,-0.26672958786669315
13.874051027438723,1.0789760646891242,0.0010005002501250568,-0.26672958786669315
21.55237560645382,1.845548938595318,0.0010005002501249929,-0.26672958786669315
24.97567294778176,0.46790405896921516,0.0010005002501251056,-0.26672958786669315
37.44872190280269,0.22309430080540815,0.0010005002501250462,-0.26672958786669315
45.44616076043191,0.3082216588447929,0.0010005002501250017,-0.26672958786669315
20.044948911452046,1.6668937439585179,0.0010005002501251102,-0.26672958786669315
15.588091617581119,1.4025800250669802,0.001000500250124975,-0.26672958786669315
38.93311814430611,0.6293010714383392,0.0010005002501250204,-0.26672958786669315
31.52346733813705,1.751675019620329,0.0010005002501251652,-0.26672958786669315
13.773378493242983,0.2917566683248297,0.0010005002501250692,-0.26672958786669315
19.778390285283155,1.5568315306377718,0.0010005002501250158,-0.26672958786669315
25.813444051317944,0.4039355732778438,0.0010005002501251394,-0.26672958786669315
45.5707024685867,0.32772988651722534,0.0010005002501250158,-0.26672958786669315
36.88143925677932,1.3717601235418961,0.0010005002501249963,-0.26672958786669315
17.503393615276735,0.6043585150953087,0.0010005002501251544,-0.26672958786669315
30.156034997047342,0.9778595653299931,0.0010005002501250586,-0.26672958786669315
22.96439118074767,0.461845310585451,0.001000500250124999,-0.26672958786669315
40.59921740495467,0.565143971472017,0.0010005002501250221,-0.26672958786669315
35.42332577724444,0.7442567869226618,0.00100050025012515,-0.26672958786669315
45.55970051938085,0.6754870944614635,0.0010005002501250577,-0.26672958786669315
11.092244779170834,1.733566336899595,0.0010005002501250035,-0.26672958786669315
15.67358462734241,1.2219598324718735,0.0010005002501250488,-0.26672958786669315
13.724917432443743,1.09994644727036,0.0010005002501251741,-0.26672958786669315
43.95886466874639,0.9823881932414181,0.0010005002501250319,-0.26672958786669315
35.31807929159106,0.2301756862660775,0.0010005002501250488,-0.26672958786669315
41.702170790587346,1.2008150777104505,0.0010005002501251013,-0.26672958786669315
47.58508688743295,1.6716435846499869,0.0010005002501249742,-0.26672958786669315
47.09462909562003,1.3585442733334154,0.001000500250125007,-0.26672958786669315
19.736320189447916,1.6722258497427167,0.001000500250125117,-0.26672958786669315
28.259288791242106,0.22461296143839485,0.0010005002501249929,-0.26672958786669315
49.10431916380406,1.3536254434571529,0.001000500250124992,-0.26672958786669315
28.781797304081756,0.5706683462275062,0.0010005002501251564,-0.26672958786669315
36.441818128946366,0.4617729954106744,0.0010005002501250451,-0.26672958786669315
20.45282808238676,0.9797476504615337,0.0010005002501250648,-0.26672958786669315
28.446796249292234,0.3602883095612227,0.0010005002501251305,-0.26672958786669315
14.189151043166511,0.5385622056650509,0.0010005002501250124,-0.26672958786669315
30.617390176612727,0.7781995105145496,0.00100050025012504,-0.26672958786669315
18.658328291379892,0.331155027312486,0.0010005002501251154,-0.26672958786669315
45.31843217842502,1.118645519291591,0.0010005002501250451,-0.26672958786669315
30.72871264021012,0.11246045488665264,0.001000500250125063,-0.26672958786669315
15.553006368356277,1.1851652522733842,0.0010005002501250941,-0.26672958786669315
17.476562530063585,0.45706715650788476,0.0010005002501250026,-0.26672958786669315
41.10296384850134,0.44546018306231394,0.0010005002501250035,-0.26672958786669315
35.918898954021,0.4115588103719635,0.001000500250125014,-0.26672958786669315
23.45537931907817,0.2224049069261798,0.0010005002501250683,-0.26672958786669315
44.577347610329156,1.2877756265759608,0.0010005002501251004,-0.26672958786669315
22.519172824312726,1.5398928579582545,0.0010005002501250009,-0.26672958786669315
38.04831261481901,1.9762637231639213,0.001000500250125006,-0.26672958786669315
37.78612858643319,0.3061731763887884,0.0010005002501251377,-0.26672958786669315
22.13890816633438,1.7817626143442535,0.001000500250125062,-0.26672958786669315
10.813171419313612,0.21792692599447114,0.0010005002501250098,-0.26672958786669315
16.48011827285557,0.5408060075934839,0.0010005002501251004,-0.26672958786669315
34.099040162988565,0.6530330202104782,0.0010005002501250373,-0.26672958786669315
47.96264044275294,1.4267118499568614,0.001000500250124999,-0.26672958786669315
38.14789338075504,1.161773227517578,0.0010005002501251466,-0.26672958786669315
25.63262881019451,0.6866524128513024,0.0010005002501250362,-0.26672958786669315
31.544971404915536,0.4734303806083683,0.0010005002501250293,-0.26672958786669315
15.682534756848305,0.45582699212095223,0.0010005002501251759,-0.26672958786669315
45.617803481687254,0.2976778681557468,0.0010005002501249723,-0.26672958786669315
43.18994494058217,0.7923480042210094,0.0010005002501251004,-0.26672958786669315
11.140593313473621,1.7682391194085012,0.0010005002501251793,-0.26672958786669315
27.266957442657255,1.163523306348851,0.00100050025012499,-0.26672958786669315
49.23035751086465,1.5532458124022495,0.0010005002501250666,-0.26672958786669315
36.68516446321095,1.657549548464264,0.0010005002501251446,-0.26672958786669315
40.228835872981605,1.762116444821342,0.0010005002501250204,-0.26672958786669315
13.708884386643362,1.082890515242791,0.0010005002501250451,-0.26672958786669315
47.092839653533886,1.0844240183988674,0.001000500250125006,-0.26672958786669315
10.909884179682257,0.411757337858108,0.0010005002501250408,-0.26672958786669315
23.240556361327002,0.23890817493081346,0.0010005002501251102,-0.26672958786669315
10.849397788706696,1.3676097595222267,0.0010005002501250594,-0.26672958786669315
30.201479815065465,1.1811211203726715,0.0010005002501250115,-0.26672958786669315
29.43227267060459,0.7030446206532966,0.0010005002501250807,-0.26672958786669315
45.95665379449391,0.7567202755138103,0.0010005002501250887,-0.26672958786669315
19.311910400757796,0.944109332374378,0.0010005002501250293,-0.26672958786669315
21.142437756032212,0.3006046686530375,0.0010005002501251082,-0.26672958786669315
23.577396693644637,1.4624203051247744,0.0010005002501250284,-0.26672958786669315
43.439872455762554,0.904762190520869,0.0010005002501250354,-0.26672958786669315
24.850486967233053,1.427849500767152,0.0010005002501251822,-0.26672958786669315
23.33393651950668,1.9021072684573757,0.001000500250125031,-0.26672958786669315
28.788015809687145,1.604699600225872,0.0010005002501250176,-0.26672958786669315
39.84273690632506,1.7372064807872534,0.0010005002501251234,-0.26672958786669315
12.557530806758642,1.0942062822102625,0.0010005002501249785,-0.26672958786669315
25.402268785317254,1.6039931517119324,0.0010005002501250488,-0.26672958786669315
22.32247499697612,1.4248017227461747,0.0010005002501251323,-0.26672958786669315
41.34513266491722,1.5859174303796055,0.0010005002501250362,-0.26672958786669315
24.54433602898898,1.0942450785824118,0.0010005002501250746,-0.26672958786669315
21.502485659733143,1.2303721903728686,0.0010005002501251492,-0.26672958786669315
20.278518706844405,0.972182240174579,0.0010005002501249092,-0.26672958786669315
22.563503221543897,1.3465351742607252,0.0010005002501251466,-0.26672958786669315
17.282513719592973,1.755516865210107,0.001000500250125128,-0.26672958786669315
10.621877713931118,1.0935792498740808,0.0010005002501248968,-0.26672958786669315
28.529219518808524,1.0334777932065449,0.0010005002501251624,-0.26672958786669315
30.110212811195602,1.6531961507901107,0.001000500250125039,-0.26672958786669315
44.710152709318756,1.859681368572113,0.00100050025012499,-0.26672958786669315
35.84809964711485,1.7714564625682427,0.0010005002501251349,-0.26672958786669315
37.60835018076001,0.5787383275800271,0.001000500250125048,-0.26672958786669315
45.74458624734065,1.5356414277157342,0.0010005002501250273,-0.26672958786669315
31.89923130082148,1.4564417034869264,0.0010005002501251403,-0.26672958786669315
24.365079684715965,1.1802562428881298,0.0010005002501250052,-0.26672958786669315
24.217836959965222,0.595583085927136,0.001000500250125048,-0.26672958786669315
10.182342464845892,0.22792526122827966,0.001000500250125118,-0.26672958786669315
32.32560897169516,1.3337718917036225,0.0010005002501250078,-0.26672958786669315
30.75137070226697,0.9056824330476501,0.001000500250125023,-0.26672958786669315
27.713717319969348,0.9491327024027634,0.0010005002501251741,-0.26672958786669315
35.97047699289637,0.9654120172992235,0.0010005002501250184,-0.26672958786669315
32.831959672663196,0.12216036099700217,0.0010005002501250319,-0.26672958786669315
31.6931945079323,0.31082254583847047,0.0010005002501251403,-0.26672958786669315
18.113555461835276,0.43456597566022637,0.0010005002501250336,-0.26672958786669315
28.926979467226044,0.47379948529010385,0.0010005002501250328,-0.26672958786669315
15.488131385780658,0.9819365378825977,0.0010005002501251776,-0.26672958786669315
37.91524838031367,1.085747282296928,0.001000500250124879,-0.26672958786669315
31.159034663484917,0.9645258973226554,0.0010005002501251394,-0.26672958786669315
35.53969225853912,0.8069158426255149,0.0010005002501251331,-0.26672958786669315
29.12581655724347,0.5897551003241494,0.0010005002501249022,-0.26672958786669315
46.72846668972666,0.9234728727135281,0.0010005002501251394,-0.26672958786669315
48.39436042273906,0.3442463128525465,0.001000500250125056,-0.26672958786669315
28.622025738032683,0.896280649288116,0.001000500250125048,-0.26672958786669315
49.38990500499466,1.05385182707511,0.0010005002501251047,-0.26672958786669315
47.9627218863161,1.1882716735194012,0.0010005002501250718,-0.26672958786669315
45.26677769230594,1.9419852996773146,0.0010005002501250451,-0.26672958786669315
22.35792476738733,1.927991668631729,0.0010005002501251386,-0.26672958786669315
43.37086384791745,1.9315826131368024,0.0010005002501250035,-0.26672958786669315
33.513098803680656,1.9088712840459727,0.001000500250125006,-0.26672958786669315
34.58080704504631,1.1376444939411448,0.0010005002501251822,-0.26672958786669315
41.20514004159023,1.5842612371327514,0.001000500250124982,-0.26672958786669315
12.303053938505407,1.6118610647944958,0.0010005002501250612,-0.26672958786669315
17.79367320426523,0.9065567606998938,0.0010005002501251128,-0.26672958786669315
22.135635488858256,1.0266937914946144,0.0010005002501250184,-0.26672958786669315
26.57004047896728,1.439220282498518,0.0010005002501250416,-0.26672958786669315
14.078255022167196,1.0389602436551137,0.001000500250125143,-0.26672958786669315
34.589629041102555,1.640908144602856,0.0010005002501250132,-0.26672958786669315
33.32110332566084,1.7154262442383625,0.0010005002501250284,-0.26672958786669315
21.849077036123703,0.8472488951509944,0.0010005002501251633,-0.26672958786669315
14.837889609793141,0.1656703909870064,0.0010005002501248497,-0.26672958786669315
12.327952917403206,0.6657940842929951,0.0010005002501251527,-0.26672958786669315
40.55445282186328,1.3611196788868678,0.0010005002501251865,-0.26672958786669315
15.36482026300494,1.4690704821458322,0.0010005002501249057,-0.26672958786669315
11.741252255695759,0.9782959732035987,0.0010005002501251598,-0.26672958786669315
16.807480520006347,0.3487647909852759,0.0010005002501250328,-0.26672958786669315
22.161639345979907,0.8719586515924698,0.0010005002501250718,-0.26672958786669315
13.549575283483332,0.9302933071117737,0.001000500250125158,-0.26672958786669315
19.46316686405561,0.27938407694066336,0.0010005002501250035,-0.26672958786669315
13.614943735018032,0.24052755050400598,0.0010005002501250336,-0.26672958786669315
38.029818499923124,1.8520422444891922,0.0010005002501250933,-0.26672958786669315
47.080904208387786,1.3766065655567954,0.001000500250125006,-0.26672958786669315
31.721068254686124,0.7359558772953162,0.001000500250125039,-0.26672958786669315
25.70464045167805,1.1237961525627242,0.0010005002501251412,-0.26672958786669315
43.51586131409139,1.9313634519515022,0.001000500250125014,-0.26672958786669315
24.797872817259123,0.9222552159435786,0.0010005002501250204,-0.26672958786669315
25.41303863773239,0.6902599961343637,0.0010005002501251687,-0.26672958786669315
34.774261223999986,1.516031876901119,0.001000500250125015,-0.26672958786669315
18.37662019012543,0.7609768457349422,0.0010005002501250815,-0.26672958786669315
17.23688284800283,0.38134014847515507,0.0010005002501251386,-0.26672958786669315
13.622580361567437,0.42250288880578846,0.0010005002501249946,-0.26672958786669315
31.468404336727854,1.8322234893267355,0.0010005002501250594,-0.26672958786669315
19.87395030099554,1.1679728152604045,0.0010005002501251349,-0.26672958786669315
22.771455691559833,0.8678951923214933,0.0010005002501249634,-0.26672958786669315
41.96784045970283,1.402228262989036,0.0010005002501251331,-0.26672958786669315
40.0846916326448,0.8518267985181667,0.001000500250125181,-0.26672958786669315
44.60063259848012,0.7137619570926971,0.0010005002501248693,-0.26672958786669315
35.65412378125686,1.6073954738339762,0.0010005002501251349,-0.26672958786669315
38.35791921709767,0.887978753630833,0.0010005002501250594,-0.26672958786669315
24.632384269239456,1.354256670612464,0.0010005002501250594,-0.26672958786669315
32.037252151703115,1.557150879614814,0.001000500250125119,-0.26672958786669315
39.62665817776306,1.0219827424138328,0.0010005002501250362,-0.26672958786669315
32.13670093452023,0.9465721981433943,0.0010005002501250408,-0.26672958786669315
30.70994070501909,1.6098396490226834,0.001000500250125126,-0.26672958786669315
23.956389803745118,1.0210005891673963,0.0010005002501249777,-0.26672958786669315
45.468050350857744,1.264172367483693,0.0010005002501250035,-0.26672958786669315
24.201078545966304,0.10260253335648123,0.0010005002501251297,-0.26672958786669315
16.50823789876125,0.6649267149931088,0.0010005002501250017,-0.26672958786669315
28.204630591081763,1.3347149431953143,0.0010005002501250594,-0.26672958786669315
19.524524130808246,1.3725298291237873,0.0010005002501251652,-0.26672958786669315
41.484200267215286,0.33113158635295614,0.001000500250124999,-0.26672958786669315
10.104160099744806,0.19834459321047399,0.0010005002501250328,-0.26672958786669315
48.35848823160739,1.6287003092555004,0.0010005002501251349,-0.26672958786669315
28.332092594358226,1.278390879220962,0.0010005002501250176,-0.26672958786669315
23.41279327100212,0.4077456222969136,0.0010005002501250256,-0.26672958786669315
16.58471891099909,1.711470195249206,0.0010005002501251733,-0.26672958786669315
36.91667133193145,0.3288794884725783,0.0010005002501248896,-0.26672958786669315
44.51698841081958,1.5600094106003184,0.0010005002501251056,-0.26672958786669315
39.66817907414395,0.7846280755036847,0.0010005002501251403,-0.26672958786669315
19.374786420038077,0.45594648256947046,0.001000500250124912,-0.26672958786669315
43.8890585257447,1.4037106824515455,0.0010005002501250826,-0.26672958786669315
31.114279362742714,1.727938046318132,0.001000500250125175,-0.26672958786669315
38.718917961071,1.8469086925991829,0.0010005002501249421,-0.26672958786669315
41.291629119674084,0.7317693342109958,0.0010005002501251394,-0.26672958786669315
46.65234164613693,0.5526417284898543,0.0010005002501250416,-0.26672958786669315
32.20444682125542,1.7949086903656313,0.0010005002501250026,-0.26672958786669315
21.97930995104155,0.6860488199953286,0.0010005002501251073,-0.26672958786669315
26.93428397284531,0.8898972073324725,0.0010005002501250462,-0.26672958786669315
39.145416487863244,0.41993754927859706,0.0010005002501250514,-0.26672958786669315
12.455591360563641,1.2556980031479728,0.0010005002501250985,-0.26672958786669315
47.81816000630528,0.8018052096960746,0.0010005002501250408,-0.26672958786669315
43.503935228432724,0.7104369115805079,0.0010005002501250772,-0.26672958786669315
29.595589220809707,1.2003790789905373,0.0010005002501251483,-0.26672958786669315
41.58723940345676,0.5860883137175175,0.0010005002501250328,-0.26672958786669315
45.97632192159101,0.7908369664158127,0.0010005002501250692,-0.26672958786669315
35.96725124855485,0.12166245055063729,0.0010005002501250985,-0.26672958786669315
38.770941845694345,1.3117267467955327,0.0010005002501250896,-0.26672958786669315
11.945543611315967,1.9828697454646709,0.0010005002501249866,-0.26672958786669315
12.644514415263032,0.977311687326738,0.001000500250125167,-0.26672958786669315
40.73382891373868,1.95928097369699,0.001000500250124927,-0.26672958786669315
40.8593765873267,1.955635604210755,0.0010005002501251741,-0.26672958786669315
44.18569550545086,1.3319292315360258,0.0010005002501251297,-0.26672958786669315
18.370014924326277,1.8436714222307613,0.0010005002501249252,-0.26672958786669315
15.743287358177671,1.280616324723202,0.0010005002501250976,-0.26672958786669315
44.04606473170878,0.5412228933773909,0.0010005002501251616,-0.26672958786669315
14.612088428812244,0.8459231197930855,0.0010005002501249022,-0.26672958786669315
49.39160285335928,0.45342856044015645,0.0010005002501250915,-0.26672958786669315
38.40995279936715,0.8403676538758252,0.0010005002501250594,-0.26672958786669315
21.344298957569706,0.8102425627621986,0.0010005002501249866,-0.26672958786669315
48.11929643752047,1.3939632374273383,0.0010005002501251217,-0.26672958786669315
13.628082656581908,0.7450244550526762,0.0010005002501250674,-0.26672958786669315
27.519877792781905,0.807456245030271,0.0010005002501249785,-0.26672958786669315
30.96283233168213,1.1511341975621705,0.0010005002501251713,-0.26672958786669315
19.049156418389437,0.5728324057977513,0.0010005002501250167,-0.26672958786669315
43.7960648042162,1.0163556925860697,0.0010005002501250746,-0.26672958786669315
40.60658390295828,1.2554459057269842,0.0010005002501251403,-0.26672958786669315
14.75556608161857,1.7180336996838288,0.0010005002501250408,-0.26672958786669315
25.463557697852515,0.24677573554835613,0.001000500250125063,-0.26672958786669315
40.03261634001855,1.944930466461301,0.001000500250125142,-0.26672958786669315
42.27028356301388,0.7245419012479308,0.001000500250124991,-0.26672958786669315
46.021111633006726,1.9016665703609368,0.0010005002501250425,-0.26672958786669315
47.574632357413904,1.0237222825372776,0.001000500250125118,-0.26672958786669315
46.43566660153001,0.8340981174720222,0.001000500250124927,-0.26672958786669315
38.48661333877908,0.9146808475300411,0.0010005002501250915,-0.26672958786669315
11.645970274628779,0.48272477896928623,0.0010005002501251136,-0.26672958786669315
31.1616367386784,0.433506743722178,0.0010005002501249742,-0.26672958786669315
38.06232300634832,1.3660232391182332,0.0010005002501251678,-0.26672958786669315
32.29564163981907,1.9653622908751767,0.0010005002501251021,-0.26672958786669315
33.28561576984711,1.1396048186807275,0.0010005002501249235,-0.26672958786669315
11.481931681241022,0.47387297542648843,0.0010005002501251696,-0.26672958786669315
46.98170499015648,0.8453989551137462,0.0010005002501249955,-0.26672958786669315
14.86320894276307,1.0639618833519344,0.0010005002501250195,-0.26672958786669315
13.630811208903788,1.1480557115222578,0.001000500250125192,-0.26672958786669315
34.405546213234146,1.1482541739093834,0.0010005002501249955,-0.26672958786669315
15.722644071093281,0.5634509629811769,0.001000500250125023,-0.26672958786669315
27.578313245023395,0.3194592504540318,0.0010005002501251446,-0.26672958786669315
45.853417625385845,0.6274564386150205,0.0010005002501250586,-0.26672958786669315
21.820394623282475,1.2960147977693006,0.0010005002501250256,-0.26672958786669315
36.599884648182595,0.294745905798554,0.001000500250125111,-0.26672958786669315
47.28189031153276,1.0937792413941723,0.0010005002501250362,-0.26672958786669315
45.440402106477585,1.5278874574219703,0.0010005002501250434,-0.26672958786669315
31.057876154441804,1.6646722305468962,0.0010005002501251776,-0.26672958786669315
34.576440085970944,1.1582921290677144,0.001000500250125007,-0.26672958786669315
10.522214269062843,0.7355187106916271,0.001000500250125031,-0.26672958786669315
17.084452160382977,1.4883819653963068,0.0010005002501251288,-0.26672958786669315
22.771741274829388,1.9788210522939673,0.0010005002501250772,-0.26672958786669315
10.461279148317498,1.1397475860077555,0.0010005002501249937,-0.26672958786669315
43.03782357648592,1.9280946106767305,0.0010005002501251644,-0.26672958786669315
25.579505318157043,1.297890967058501,0.0010005002501248862,-0.26672958786669315
41.04785515529222,1.9846807713871832,0.0010005002501251234,-0.26672958786669315
38.98772621033532,0.1332432929789087,0.0010005002501251767,-0.26672958786669315
23.283768805515432,0.18829741854006,0.001000500250124904,-0.26672958786669315
20.578699541396727,1.2103186673877773,0.001000500250125109,-0.26672958786669315
43.68348531763494,1.1344972398904258,0.0010005002501250132,-0.26672958786669315
16.210723920321712,1.7160326044932106,0.001000500250125055,-0.26672958786669315
36.634818378354055,0.7350120109818095,0.0010005002501251555,-0.26672958786669315
28.410923309214592,1.788861442758654,0.0010005002501250434,-0.26672958786669315
17.619450539839452,0.9072040101167168,0.001000500250125054,-0.26672958786669315
34.32097439382085,0.9452910373332251,0.0010005002501251162,-0.26672958786669315
37.69302124490673,1.7811952449912973,0.0010005002501250132,-0.26672958786669315
28.5278983359117,0.33784903755672624,0.0010005002501250505,-0.26672958786669315
25.153337891455536,0.6703335421502563,0.0010005002501251288,-0.26672958786669315
12.136503483136991,0.38087336848782727,0.001000500250125056,-0.26672958786669315
28.06832076365528,1.8617129086749111,0.0010005002501250933,-0.26672958786669315
42.77592929462245,1.5818810139878225,0.0010005002501251572,-0.26672958786669315
31.994649083806408,0.5543138095138828,0.001000500250125006,-0.26672958786669315
20.96220083508939,0.22831898837335926,0.001000500250125039,-0.26672958786669315
46.580175170895274,1.2435692816218653,0.001000500250125111,-0.26672958786669315
46.116317897605,0.4735784988092663,0.0010005002501250434,-0.26672958786669315
37.24554472915435,1.0831820492234945,0.0010005002501250284,-0.26672958786669315
14.047468118174496,0.6050787034207855,0.00100050025012515,-0.26672958786669315
21.753230426801387,0.5714650568873268,0.001000500250124935,-0.26672958786669315
17.797855482403516,1.8839094872489148,0.0010005002501251314,-0.26672958786669315
16.59488169879291,0.6757242229435186,0.0010005002501251652,-0.26672958786669315
17.568708865483124,1.541126047921307,0.0010005002501249298,-0.26672958786669315
35.587853874354735,0.8050590530095338,0.001000500250125118,-0.26672958786669315
26.965788475590916,1.344110703366781,0.001000500250124991,-0.26672958786669315
22.632545454849293,0.6920345469384309,0.0010005002501250158,-0.26672958786669315
33.32971833227885,0.1158285446594266,0.0010005002501251475,-0.26672958786669315
31.370488359183717,1.1238395539762644,0.0010005002501250674,-0.26672958786669315
14.989994587426963,1.4798520305644178,0.001000500250125006,-0.26672958786669315
19.991480468835995,0.6093620276705753,0.001000500250125191,-0.26672958786669315
48.60496080473025,0.8009343994131253,0.0010005002501249625,-0.26672958786669315
16.31991712346164,1.3561473006790823,0.001000500250125047,-0.26672958786669315
33.421015961127615,1.2441619611820507,0.001000500250125158,-0.26672958786669315
45.07390335777637,0.9865848196283916,0.0010005002501250594,-0.26672958786669315
10.219892175640979,0.12341986951191516,0.0010005002501250328,-0.26672958786669315
27.43762707639485,1.5411669116714497,0.00100050025012512,-0.26672958786669315
29.370459903605003,0.5906655650871747,0.0010005002501250603,-0.26672958786669315
24.67462253315186,1.358759945924582,0.0010005002501250488,-0.26672958786669315
27.1231112989625,0.4275119237999524,0.0010005002501251349,-0.26672958786669315
32.33419780260545,1.8262998637382375,0.0010005002501250184,-0.26672958786669315
24.87519191065938,1.6875458610022471,0.0010005002501250204,-0.26672958786669315
20.701316781247012,0.25880278043708194,0.0010005002501251564,-0.26672958786669315
42.163749985422186,1.9762888750649847,0.001000500250124912,-0.26672958786669315
42.65428331774938,1.1099427935545847,0.0010005002501250807,-0.26672958786669315
35.483653010142575,0.6474128293097855,0.0010005002501251936,-0.26672958786669315
47.37956936026364,0.1528425890254333,0.001000500250124887,-0.26672958786669315
33.39612309558926,0.2998264689924734,0.00100050025012515,-0.26672958786669315
30.51072306354193,0.886480369583417,0.0010005002501250408,-0.26672958786669315
16.16009250268253,1.2057500459564083,0.0010005002501250737,-0.26672958786669315
18.358316386448745,1.1641806709819331,0.0010005002501251217,-0.26672958786669315
41.40623816382971,0.5423633626687747,0.0010005002501249545,-0.26672958786669315
36.328151013705835,0.5576061349453659,0.0010005002501250915,-0.26672958786669315
34.42796976904242,1.0198585064729606,0.0010005002501250896,-0.26672958786669315
10.080189136362442,1.5343326530325863,0.0010005002501250416,-0.26672958786669315
37.630689599493955,0.36093721781480115,0.0010005002501250362,-0.26672958786669315
25.276682268241327,0.3913158128095229,0.0010005002501251661,-0.26672958786669315
38.833453472657844,1.3721624759805886,0.0010005002501250531,-0.26672958786669315
31.638758917184745,1.3474653096366338,0.0010005002501250132,-0.26672958786669315
49.854159966196235,1.6407176535200634,0.0010005002501251483,-0.26672958786669315
34.1272418066612,1.9619165947001078,0.0010005002501250594,-0.26672958786669315
10.550988874838758,0.1962681251417896,0.001000500250125014,-0.26672958786669315
42.53934150152491,1.9627463216948862,0.0010005002501251759,-0.26672958786669315
47.507746522134084,1.6368333769842844,0.0010005002501250273,-0.26672958786669315
25.01789237654576,0.451158018703695,0.0010005002501250078,-0.26672958786669315
17.539057691672994,0.9841100338728918,0.0010005002501251661,-0.26672958786669315
10.531606489860398,1.8320336847936864,0.0010005002501249447,-0.26672958786669315
38.01659311758921,0.6492271850011804,0.0010005002501251483,-0.26672958786669315
15.61672935870738,1.4592751717797172,0.00100050025012512,-0.26672958786669315
13.23678642528014,1.6276241661281499,0.0010005002501249209,-0.26672958786669315
16.127746315132704,0.7780549860089899,0.0010005002501251154,-0.26672958786669315
43.88119276027191,1.7930571857773794,0.0010005002501250505,-0.26672958786669315
43.51752555702476,1.848533084531411,0.0010005002501250052,-0.26672958786669315
19.455127381504873,1.311838865353508,0.001000500250125181,-0.26672958786669315
22.024608983311786,1.5295310452021154,0.0010005002501250009,-0.26672958786669315
36.257497413141884,0.8162755720573553,0.001000500250125063,-0.26672958786669315
24.93872047145306,1.3512300708819203,0.0010005002501251154,-0.26672958786669315
46.50588035829878,1.8640983009695495,0.0010005002501250755,-0.26672958786669315
39.952832170832906,0.8686420417832417,0.001000500250125006,-0.26672958786669315
13.321005182689728,1.6657076949476441,0.0010005002501250887,-0.26672958786669315
31.49149906991684,0.794635537324029,0.0010005002501250638,-0.26672958786669315
15.675482216870535,1.4434723877048832,0.0010005002501250087,-0.26672958786669315
47.80649951270196,0.8528866687807619,0.0010005002501251305,-0.26672958786669315
37.76510700655213,1.932163641830651,0.0010005002501250132,-0.26672958786669315
26.107005294423637,0.9932173931344654,0.0010005002501250336,-0.26672958786669315
24.704692572614213,1.8135151211778209,0.0010005002501250692,-0.26672958786669315
45.956695245668236,0.17434428535679466,0.0010005002501251555,-0.26672958786669315
43.33153960473008,1.9989772082096953,0.0010005002501249874,-0.26672958786669315
46.50902509655375,1.8451509954413152,0.0010005002501250273,-0.26672958786669315
16.434467731543364,0.14688436348973735,0.0010005002501251331,-0.26672958786669315
45.473307286811846,1.3665086523163508,0.0010005002501250204,-0.26672958786669315
15.033924534342948,0.23091693393059998,0.0010005002501250382,-0.26672958786669315
42.029957138125845,0.25859331254593454,0.001000500250125159,-0.26672958786669315
29.922840919374195,1.0195251497400744,0.0010005002501250505,-0.26672958786669315
34.84929506572355,1.9358585753290687,0.0010005002501249777,-0.26672958786669315
25.183367223698557,0.7334351046582335,0.0010005002501251136,-0.26672958786669315
43.103670195804156,0.2990543420070083,0.0010005002501250319,-0.26672958786669315
39.35467623134984,1.036094115529602,0.0010005002501250284,-0.26672958786669315
40.66899960525707,1.5888459023668682,0.0010005002501250594,-0.26672958786669315
15.787449414427478,1.0957429877974425,0.001000500250125143,-0.26672958786669315
32.69607678160035,0.9106682346069518,0.0010005002501250594,-0.26672958786669315
30.82869861671888,0.9002678577517581,0.0010005002501250017,-0.26672958786669315
46.61320626165755,0.48552951876829353,0.0010005002501251047,-0.26672958786669315
41.54023269223839,0.4525659706012132,0.0010005002501250265,-0.26672958786669315
34.96341688768012,0.9681091272313169,0.001000500250125006,-0.26672958786669315
28.442579705857227,1.8540810131880385,0.0010005002501251607,-0.26672958786669315
11.918550022452354,0.4024456985692342,0.0010005002501250505,-0.26672958786669315
43.059616807087345,1.0174798682029649,0.0010005002501250213,-0.26672958786669315
36.272870078280306,0.4127049412044783,0.0010005002501250078,-0.26672958786669315
24.771711875718072,0.9312196111557298,0.001000500250125167,-0.26672958786669315
38.941569712140186,1.0984166061634806,0.0010005002501250382,-0.26672958786669315
36.01651827423849,0.6549361899033451,0.0010005002501250362,-0.26672958786669315
28.18572507610657,1.2227774960965052,0.0010005002501251624,-0.26672958786669315
43.57517419061785,0.9924159317625743,0.0010005002501250184,-0.26672958786669315
20.353607807278557,0.5095948442614239,0.001000500250125031,-0.26672958786669315
41.89001837603749,0.4539951019011149,0.0010005002501251856,-0.26672958786669315
47.82844083434365,0.8203597738191208,0.0010005002501250328,-0.26672958786669315
39.518026135780424,1.1148498852452573,0.0010005002501250176,-0.26672958786669315
47.571884113102,0.24712160287677393,0.0010005002501251572,-0.26672958786669315
10.532108027374498,1.903259805080481,0.0010005002501249937,-0.26672958786669315
40.92673205153951,0.5946664912012385,0.0010005002501250577,-0.26672958786669315
49.01684314434806,1.501568974733404,0.0010005002501250256,-0.26672958786669315
35.369256025210596,0.19922398676409925,0.0010005002501251412,-0.26672958786669315
13.51891075925547,0.18945474801705955,0.001000500250125047,-0.26672958786669315
33.98710513960543,1.592911868347961,0.0010005002501249892,-0.26672958786669315
10.257389457473124,1.961237712947566,0.0010005002501251607,-0.26672958786669315
47.89946995242089,1.3900395242850516,0.0010005002501250195,-0.26672958786669315
44.83872754228031,0.788904656131424,0.0010005002501250683,-0.26672958786669315
32.95671895731435,1.0037135903967185,0.0010005002501251394,-0.26672958786669315
44.98388098408075,1.5046361657462965,0.001000500250125054,-0.26672958786669315
21.0259317723364,0.63888599145294,0.0010005002501249697,-0.26672958786669315
39.579135205642416,1.501639457725988,0.0010005002501250451,-0.26672958786669315
30.049413859266107,1.6374416813800132,0.001000500250125134,-0.26672958786669315
15.48558018179806,1.924637666546624,0.0010005002501250284,-0.26672958786669315
19.250787054197417,0.3031282947101578,0.0010005002501250167,-0.26672958786669315
45.5321670835843,0.3589109513259974,0.0010005002501251544,-0.26672958786669315
32.731025572842995,1.1345081614352144,0.0010005002501250035,-0.26672958786669315
43.99161162346898,1.8237406724624696,0.001000500250124999,-0.26672958786669315
13.47749523422313,1.7246674205293309,0.0010005002501251572,-0.26672958786669315
30.284930795241756,1.491369377160127,0.001000500250124982,-0.26672958786669315
40.0850899696786,0.5319500473420555,0.0010005002501250328,-0.26672958786669315
29.788014618711202,1.9206199785004336,0.0010005002501251598,-0.26672958786669315
20.617413624937875,0.8780602100149428,0.0010005002501250017,-0.26672958786669315
26.45503979333618,0.2952978138737692,0.0010005002501250115,-0.26672958786669315
26.40447654910098,0.6163710077405837,0.0010005002501250328,-0.26672958786669315
48.71048888407168,1.504233347799878,0.0010005002501251297,-0.26672958786669315
44.38251970974386,1.7030229720887025,0.0010005002501250826,-0.26672958786669315
41.57452897258543,0.1670384878459069,0.0010005002501250009,-0.26672958786669315
28.72564246693054,1.087542986186035,0.0010005002501251394,-0.26672958786669315
42.49986756142641,1.7763889650123308,0.0010005002501249963,-0.26672958786669315
48.96137490437566,1.74575413853917,0.0010005002501250354,-0.26672958786669315
19.755745045405888,1.7020657383124986,0.0010005002501251243,-0.26672958786669315
13.797734110392863,0.4193089310509066,0.0010005002501250273,-0.26672958786669315
26.71861270776843,1.9919455726939141,0.0010005002501250167,-0.26672958786669315
28.757009177544816,1.5092785119223777,0.0010005002501251713,-0.26672958786669315
34.77230840036542,1.6956804336276528,0.0010005002501250497,-0.26672958786669315
11.984718822968192,1.0885938477689687,0.0010005002501249803,-0.26672958786669315
42.92778111988549,1.573725356695886,0.0010005002501250638,-0.26672958786669315
21.32943548545032,1.689323937710286,0.0010005002501251438,-0.26672958786669315
37.88092499603361,1.4000239411827953,0.0010005002501249723,-0.26672958786669315
37.303507167377646,1.528078726613011,0.0010005002501250594,-0.26672958786669315
29.114496355489223,1.0241914766617313,0.0010005002501251767,-0.26672958786669315
23.81931173579766,1.038633864006551,0.001000500250124999,-0.26672958786669315
46.34372751982425,0.6929771025492001,0.0010005002501250568,-0.26672958786669315
18.225545309559124,0.910793549292023,0.0010005002501251518,-0.26672958786669315
35.57261380646018,0.9229153829686596,0.0010005002501250017,-0.26672958786669315
39.34411919683823,0.4332804053349586,0.0010005002501250674,-0.26672958786669315
45.6499767740772,0.929433200997756,0.0010005002501250273,-0.26672958786669315
39.52566270945475,1.69210271457261,0.0010005002501251082,-0.26672958786669315
32.30451527342107,1.429043158564676,0.0010005002501250612,-0.26672958786669315
12.104362003447733,0.6460965600452412,0.0010005002501250176,-0.26672958786669315
18.555094165294722,0.8615371243831528,0.0010005002501251358,-0.26672958786669315
48.30139607708128,0.4830982887013501,0.0010005002501250594,-0.26672958786669315
16.590800514420078,0.29063404944907656,0.0010005002501250035,-0.26672958786669315
25.530684603266653,1.4733763257862686,0.0010005002501251297,-0.26672958786669315
45.260224235686415,1.2096657216906639,0.0010005002501250043,-0.26672958786669315
10.296667499441071,1.1041107280001374,0.0010005002501250184,-0.26672958786669315
19.2652981393302,1.9390788122658438,0.001000500250125117,-0.26672958786669315
11.068379604337704,1.8579139420291306,0.0010005002501250362,-0.26672958786669315
32.902882937668274,1.8314869426985738,0.0010005002501250451,-0.26672958786669315
42.121445752554095,0.5387016752792011,0.0010005002501250416,-0.26672958786669315
47.34480298122255,0.5549443289185325,0.0010005002501251297,-0.26672958786669315
35.201953356129806,1.6626433826888625,0.0010005002501250009,-0.26672958786669315
13.788662402843075,0.5958562966771938,0.0010005002501250505,-0.26672958786669315
25.163043975699534,1.92622176882724,0.0010005002501251358,-0.26672958786669315
13.39856561015685,0.9941782120384226,0.0010005002501249794,-0.26672958786669315
12.260777118312948,0.8826016962777066,0.0010005002501250442,-0.26672958786669315
47.128292526859724,0.5035967177949968,0.001000500250125181,-0.26672958786669315
12.355731426143493,1.227654865315916,0.0010005002501250098,-0.26672958786669315
15.744273981117264,1.3435976009483495,0.0010005002501250373,-0.26672958786669315
17.841553810522043,0.8803494378338658,0.0010005002501250594,-0.26672958786669315
10.775085603358834,1.0723812637118737,0.001000500250125159,-0.26672958786669315
48.68862464648581,1.4267095679220296,0.0010005002501250167,-0.26672958786669315
46.806977896361644,1.9537508230443983,0.0010005002501250078,-0.26672958786669315
13.015157799169842,0.15684776526222383,0.0010005002501251527,-0.26672958786669315
21.02004676766519,0.9764708119155319,0.0010005002501250204,-0.26672958786669315
15.558376813958512,1.2897235872271975,0.0010005002501250488,-0.26672958786669315
35.6086455828342,1.4449749205303315,0.0010005002501251102,-0.26672958786669315
19.173538564153844,1.4695429474141626,0.0010005002501250531,-0.26672958786669315
42.46796115719271,0.20835800174651417,0.001000500250125047,-0.26672958786669315
10.639874641346424,1.55266193582557,0.0010005002501251082,-0.26672958786669315
12.325353623875777,0.7051121062914607,0.0010005002501250772,-0.26672958786669315
21.493658051608694,1.9245891630970287,0.0010005002501249892,-0.26672958786669315
14.874415447016759,0.4176455813392874,0.001000500250125039,-0.26672958786669315
10.430585568245245,1.7260649304875937,0.0010005002501251741,-0.26672958786669315
27.2648320505122,1.4638106892108727,0.0010005002501249946,-0.26672958786669315
34.110910725773955,0.3836440554305641,0.0010005002501250256,-0.26672958786669315
21.203762014440084,0.896040903568504,0.0010005002501251466,-0.26672958786669315
24.479599248943877,1.4418963889779413,0.0010005002501250204,-0.26672958786669315
33.86317345172908,0.6452734567854804,0.001000500250125039,-0.26672958786669315
10.871795137356198,1.1985195138535087,0.0010005002501251349,-0.26672958786669315
12.797732923442187,1.5129666576642427,0.0010005002501249866,-0.26672958786669315
37.130541599353364,1.2720152207735957,0.001000500250125047,-0.26672958786669315
32.83767272578214,1.7436406555112505,0.0010005002501249955,-0.26672958786669315
22.479616608328463,0.9605315144592147,0.0010005002501251856,-0.26672958786669315
36.898391815760235,0.9415825008009647,0.0010005002501250184,-0.26672958786669315
38.11837023227382,1.6838043302548287,0.0010005002501250594,-0.26672958786669315
34.776914639812915,1.6414821392886938,0.0010005002501251128,-0.26672958786669315
36.80916174989635,0.5216787570049906,0.00100050025012504,-0.26672958786669315
33.47839030090192,0.14939571990913875,0.0010005002501250531,-0.26672958786669315
38.381736607635816,1.4005742075247634,0.0010005002501251394,-0.26672958786669315
21.736422828938295,0.4566145304328084,0.001000500250125048,-0.26672958786669315
17.504601171110792,0.990205188762501,0.0010005002501250319,-0.26672958786669315
22.116615510706733,0.6524440997938529,0.0010005002501250985,-0.26672958786669315
26.841602036947343,1.0718159359567083,0.0010005002501250852,-0.26672958786669315
20.595013583226745,1.9989303935041396,0.0010005002501250612,-0.26672958786669315
23.79330377390067,0.2976207793531167,0.0010005002501249946,-0.26672958786669315
10.798316770895728,0.7770222269869159,0.001000500250125159,-0.26672958786669315
40.066817897963595,0.8850670317893218,0.0010005002501250132,-0.26672958786669315
22.960286460622118,0.6735821961053226,0.001000500250124968,-0.26672958786669315
45.072026960248095,1.7450550530774827,0.00100050025012523,-0.26672958786669315
20.62977245586264,0.8801589015884903,0.0010005002501250221,-0.26672958786669315
23.456814469024255,1.240044278999101,0.0010005002501249937,-0.26672958786669315
19.544062633278152,1.7938262902972983,0.0010005002501250807,-0.26672958786669315
23.027315003954882,1.9493673288089846,0.0010005002501250718,-0.26672958786669315
39.72119194224625,1.2934805137174838,0.001000500250124967,-0.26672958786669315
38.771161378854245,1.1273499980784245,0.0010005002501250648,-0.26672958786669315
31.772999302940057,0.416106359027394,0.0010005002501250967,-0.26672958786669315
28.460697432706112,1.4751177072041985,0.0010005002501250531,-0.26672958786669315
18.542349137313877,0.5929670038297189,0.001000500250125062,-0.26672958786669315
43.30922381459441,0.24386378086893576,0.0010005002501251733,-0.26672958786669315
30.77645382822151,1.7152589765123039,0.0010005002501250017,-0.26672958786669315
11.306764174991395,1.3385639297784726,0.0010005002501250683,-0.26672958786669315
34.83483287238791,0.9918549144931235,0.0010005002501250976,-0.26672958786669315
34.24313205410101,1.3220562340780644,0.0010005002501250221,-0.26672958786669315
10.66244629106427,1.8482909944145198,0.001000500250124999,-0.26672958786669315
36.15559333728078,1.087812990703524,0.0010005002501251644,-0.26672958786669315
39.36918024543394,1.663263961487381,0.0010005002501250026,-0.26672958786669315
39.929275768081176,0.3048939907977515,0.0010005002501250382,-0.26672958786669315
40.82078469608374,0.10153597730701908,0.001000500250125055,-0.26672958786669315
48.78557560269945,0.4285786073384442,0.001000500250125142,-0.26672958786669315
36.77830758969584,0.6676990868927318,0.001000500250125054,-0.26672958786669315
21.91351205527836,0.3891280007937027,0.0010005002501249536,-0.26672958786669315
18.414334242496526,1.4339787473329775,0.001000500250125214,-0.26672958786669315
10.184420026826304,1.6129653669892154,0.0010005002501250204,-0.26672958786669315
27.428595706361342,0.11884505500594082,0.0010005002501250302,-0.26672958786669315
20.576890530765684,1.4402569752221526,0.0010005002501251394,-0.26672958786669315
21.720122165384357,0.2501994755911804,0.0010005002501250382,-0.26672958786669315
44.47341576984759,0.9790800154046668,0.0010005002501250115,-0.26672958786669315
45.27864222736706,1.594205256691713,0.0010005002501250273,-0.26672958786669315
11.15304071121422,0.5013479715690151,0.0010005002501251128,-0.26672958786669315
11.444360586236929,0.8922615099068018,0.0010005002501250328,-0.26672958786669315
25.65749674305932,1.8961043921823364,0.001000500250125063,-0.26672958786669315
14.695951821760179,0.473800599735244,0.0010005002501251269,-0.26672958786669315
40.265858546519674,1.1164095803333898,0.0010005002501250328,-0.26672958786669315
14.91818511600039,0.4274084055955204,0.0010005002501250247,-0.26672958786669315
40.32969217290521,0.15858391751067097,0.0010005002501251323,-0.26672958786669315
13.853191849397533,1.5668358730997332,0.001000500250125006,-0.26672958786669315
29.87360816475334,1.7848359654060022,0.0010005002501250247,-0.26672958786669315
11.049996672998521,1.5088833658611291,0.001000500250125191,-0.26672958786669315
30.732277058269645,0.9486409256664425,0.0010005002501250132,-0.26672958786669315
40.61034223017358,1.168496212048398,0.0010005002501250505,-0.26672958786669315
34.32133649946792,1.1052996454017632,0.0010005002501250373,-0.26672958786669315
13.113880714185754,0.5443761166812632,0.0010005002501251314,-0.26672958786669315
33.3974564824226,1.4068146218805564,0.0010005002501250256,-0.26672958786669315
48.039709429000055,1.4747360166598005,0.0010005002501250167,-0.26672958786669315
18.381709430261797,1.3891207219670345,0.001000500250125159,-0.26672958786669315
48.468958580990574,1.9339226381995736,0.001000500250125007,-0.26672958786669315
40.79856364005309,1.6118009731974354,0.0010005002501250345,-0.26672958786669315
31.344489626331907,0.9385131463845812,0.0010005002501251358,-0.26672958786669315
30.762039268325534,0.2876754216332157,0.0010005002501250195,-0.26672958786669315
16.922905477567287,1.5056024008318676,0.0010005002501250284,-0.26672958786669315
35.70893864936994,1.858693760453785,0.001000500250125111,-0.26672958786669315
13.534120973799082,1.737507603144752,0.0010005002501250577,-0.26672958786669315
30.715310067191194,1.6524107730795692,0.0010005002501250035,-0.26672958786669315
10.189933411998187,0.3381026307132336,0.001000500250125047,-0.26672958786669315
23.733534573814296,1.7668716021464024,0.0010005002501251616,-0.26672958786669315
25.545525911749767,0.7696189639499835,0.0010005002501250451,-0.26672958786669315
32.1326688725362,0.819370749140214,0.0010005002501250345,-0.26672958786669315
19.28925866368374,1.1418223378647665,0.0010005002501251234,-0.26672958786669315
47.91649163557073,1.0497126208757996,0.0010005002501250328,-0.26672958786669315
44.23845808206178,0.3705682275681176,0.0010005002501249811,-0.26672958786669315
14.600794207356662,0.18601607169121026,0.0010005002501251555,-0.26672958786669315
25.920638000726456,0.7145000624428157,0.0010005002501250221,-0.26672958786669315
28.7193477769752,0.7357618630440701,0.0010005002501250442,-0.26672958786669315
30.946479328518357,1.6567087670128897,0.0010005002501250026,-0.26672958786669315
30.713009283963594,0.6222920383578666,0.0010005002501251564,-0.26672958786669315
37.3849572827357,0.18493648491107406,0.001000500250125006,-0.26672958786669315
34.38448608562092,0.8464407717778971,0.0010005002501249866,-0.26672958786669315
23.85488064611514,1.4272839649240283,0.0010005002501251839,-0.26672958786669315
30.478630012849376,0.8312568061587878,0.0010005002501250284,-0.26672958786669315
48.27651594020891,0.7379632152078455,0.0010005002501249794,-0.26672958786669315
20.848267568127568,0.57240629142594,0.0010005002501251802,-0.26672958786669315
29.408255221832057,1.4223588239334028,0.001000500250125015,-0.26672958786669315
17.34408767245035,0.3480083168250531,0.0010005002501250362,-0.26672958786669315
44.760753610019364,0.9023441141032754,0.0010005002501251607,-0.26672958786669315
19.033239204720097,1.8126842104912708,0.0010005002501250158,-0.26672958786669315
10.9137129517512,1.8433959787713268,0.001000500250124999,-0.26672958786669315
30.314105800354913,0.26288202092203367,0.0010005002501250896,-0.26672958786669315
13.277098042982765,0.862375403774815,0.0010005002501250798,-0.26672958786669315
20.592365917960926,1.2536444684352817,0.0010005002501250184,-0.26672958786669315
26.332846531738564,1.90988683791847,0.0010005002501250362,-0.26672958786669315
34.516902338816635,1.3840354030277646,0.0010005002501251696,-0.26672958786669315
32.812686480560664,1.0963931380700755,0.0010005002501250362,-0.26672958786669315
43.773052252214875,1.802737555333838,0.0010005002501250115,-0.26672958786669315
18.46738982632019,1.2590341033334151,0.0010005002501251802,-0.26672958786669315
33.4715940760109,1.0395403861559815,0.0010005002501250328,-0.26672958786669315
29.385117707879395,0.412650890618671,0.0010005002501250132,-0.26672958786669315
30.013975735582015,0.30744094687211726,0.0010005002501250204,-0.26672958786669315
28.47631686689482,1.3602739946868598,0.0010005002501251874,-0.26672958786669315
34.31411011831294,1.2104257696751874,0.0010005002501250017,-0.26672958786669315
20.299804410519123,1.018378937448528,0.0010005002501250319,-0.26672958786669315
24.477369005498165,0.5027636310925212,0.001000500250125151,-0.26672958786669315
44.87737980130913,1.0136276579217858,0.0010005002501250017,-0.26672958786669315
16.176592141288175,0.5779676160372323,0.001000500250125063,-0.26672958786669315
39.61929295704483,1.863535028873032,0.0010005002501251438,-0.26672958786669315
17.1867763929848,1.5039730241912173,0.001000500250124976,-0.26672958786669315
13.256345988801236,0.1575214099120501,0.0010005002501250852,-0.26672958786669315
47.217844157536504,0.3511701910414342,0.0010005002501251154,-0.26672958786669315
27.781411769022757,1.7948082357248092,0.001000500250125006,-0.26672958786669315
25.949865680530515,0.6642597490609137,0.0010005002501250078,-0.26672958786669315
23.88279921968418,1.0795601878410543,0.001000500250125048,-0.26672958786669315
37.63967844017769,0.1136100550989864,0.001000500250125117,-0.26672958786669315
36.11912752223825,1.776485636259319,0.0010005002501250451,-0.26672958786669315
41.50549968988013,0.6567529827781544,0.0010005002501250273,-0.26672958786669315
23.806488370189143,0.13547060899731495,0.0010005002501251572,-0.26672958786669315
40.13635212238866,0.5110942439782129,0.001000500250125023,-0.26672958786669315
43.27548369002409,1.8336566370489027,0.001000500250125031,-0.26672958786669315
34.96073797535788,1.1014007674729605,0.0010005002501251394,-0.26672958786669315
40.079572690703735,1.5174181213853752,0.0010005002501250328,-0.26672958786669315
37.575011029649886,1.0928563511707583,0.001000500250125006,-0.26672958786669315
31.25777204314065,1.8435350015597038,0.0010005002501250256,-0.26672958786669315
33.40248881034646,1.0828114412413712,0.0010005002501251652,-0.26672958786669315
27.213705251088257,0.19541656815024133,0.0010005002501249714,-0.26672958786669315
19.71973734746131,0.91019502389899,0.0010005002501250594,-0.26672958786669315
25.590037019183317,0.824320300871165,0.001000500250125143,-0.26672958786669315
44.51072717969097,0.7445634765175475,0.001000500250125007,-0.26672958786669315
28.077859166351207,1.4834675695176969,0.001000500250125031,-0.26672958786669315
31.69841720748876,1.263084937685568,0.0010005002501251102,-0.26672958786669315
31.466791465306517,0.21347046881308648,0.001000500250125054,-0.26672958786669315
25.5561745343279,1.7455051133569275,0.001000500250125031,-0.26672958786669315
27.76001084503475,0.6778602366528155,0.0010005002501251162,-0.26672958786669315
17.633970158228934,1.5829994347889165,0.001000500250125015,-0.26672958786669315
32.791611727735955,1.7922330248530192,0.0010005002501250451,-0.26672958786669315
18.055348675184902,0.49836611933600017,0.00100050025012504,-0.26672958786669315
44.24383342920328,0.46983623735268976,0.001000500250125119,-0.26672958786669315
24.89258924308366,0.6831225745857966,0.0010005002501250345,-0.26672958786669315
10.54664636438837,0.22926827907523142,0.0010005002501250167,-0.26672958786669315
15.371389785129526,0.23189137961735673,0.001000500250125151,-0.26672958786669315
49.968696029015,0.7380384690834504,0.0010005002501250345,-0.26672958786669315
40.02260427684702,0.7517695762973013,0.0010005002501250319,-0.26672958786669315
17.694606763876312,0.380460193363069,0.0010005002501251243,-0.26672958786669315
35.72501596038084,0.8191460868070617,0.0010005002501250328,-0.26672958786669315
42.29941326595448,1.4721666025771527,0.0010005002501250345,-0.26672958786669315
25.778060707868807,1.8278978000396677,0.0010005002501250184,-0.26672958786669315
47.3082795049521,0.43039830644239796,0.0010005002501251555,-0.26672958786669315
17.15897804289877,0.21875559072520645,0.0010005002501250273,-0.26672958786669315
10.01221850282172,0.1212500812116773,0.0010005002501250293,-0.26672958786669315
44.48254651900112,0.553681801859513,0.0010005002501251446,-0.26672958786669315
32.96207782515698,0.27561005459715104,0.0010005002501250488,-0.26672958786669315
10.937944714658098,1.8472809653782933,0.0010005002501250362,-0.26672958786669315
10.92688061480516,1.6119691756467893,0.0010005002501251145,-0.26672958786669315
16.652410331916926,0.15457272418089757,0.0010005002501250594,-0.26672958786669315
26.124955817718735,1.5889784668167168,0.0010005002501250213,-0.26672958786669315
18.717528513919014,0.42726429795660814,0.0010005002501251314,-0.26672958786669315
15.184780404259545,0.8277891608242288,0.0010005002501250408,-0.26672958786669315
34.12659625272994,0.6252581692518631,0.0010005002501250362,-0.26672958786669315
21.50309883236317,1.8360435118949356,0.0010005002501250167,-0.26672958786669315
17.29447213316805,1.978105104815359,0.0010005002501251314,-0.26672958786669315
49.60079224893025,0.199854208309657,0.0010005002501250362,-0.26672958786669315
19.738986065354194,0.20070479273999509,0.0010005002501250195,-0.26672958786669315
11.451652048898922,0.11987346701482898,0.0010005002501251331,-0.26672958786669315
24.57622948804342,0.5343104956462104,0.001000500250125047,-0.26672958786669315
49.14057393756768,1.1297381600996492,0.0010005002501249998,-0.26672958786669315
44.27684342054518,1.6853588385826725,0.0010005002501251624,-0.26672958786669315
47.39126786642657,1.0730474867262114,0.0010005002501249937,-0.26672958786669315
37.32244387301181,1.8152558216780992,0.0010005002501250167,-0.26672958786669315
14.71597087177727,1.0820196527167736,0.0010005002501250451,-0.26672958786669315
15.730691972539677,0.5810707755884942,0.001000500250125134,-0.26672958786669315
22.415880356651954,0.4472987205475534,0.0010005002501250531,-0.26672958786669315
28.271415727293665,0.9545660153513104,0.0010005002501250239,-0.26672958786669315
43.31546724674011,0.3351489087502145,0.0010005002501251368,-0.26672958786669315
34.29160391661827,0.6031229625153424,0.0010005002501250273,-0.26672958786669315
14.38187760919853,0.6731042833581775,0.0010005002501250256,-0.26672958786669315
48.14037275267235,0.5268239998075718,0.0010005002501251446,-0.26672958786669315
35.242673492393166,0.7883101607840051,0.0010005002501250319,-0.26672958786669315
39.68236637790878,0.3359613922246538,0.0010005002501250256,-0.26672958786669315
24.373060042383624,1.4596894286099706,0.0010005002501251446,-0.26672958786669315
30.353190848299487,1.6851465111839836,0.001000500250125039,-0.26672958786669315
12.062700465311323,0.9792651099492345,0.00100050025012504,-0.26672958786669315
13.107903454480997,1.9489178056323102,0.0010005002501249998,-0.26672958786669315
25.30714072759983,0.9777998196260849,0.001000500250125151,-0.26672958786669315
39.38221359744542,1.7821962578878134,0.0010005002501250256,-0.26672958786669315
14.652545756052234,0.2655543912793882,0.0010005002501250336,-0.26672958786669315
47.10841343404156,1.1973927367751027,0.00100050025012515,-0.26672958786669315
47.04927079980007,1.717753520812767,0.0010005002501249963,-0.26672958786669315
25.65790454052197,1.276444408520856,0.0010005002501250132,-0.26672958786669315
26.051719236864074,1.3901863717824365,0.0010005002501251687,-0.26672958786669315
22.1606973443744,0.976718513931379,0.001000500250125007,-0.26672958786669315
35.93750378357772,1.2480541348546683,0.0010005002501250531,-0.26672958786669315
15.261371580735394,0.6316354365131722,0.0010005002501251162,-0.26672958786669315
18.15373702095732,0.3213256786324355,0.0010005002501250488,-0.26672958786669315
30.793116440555455,1.3388880927259204,0.0010005002501250221,-0.26672958786669315
49.69449109526525,0.3381881314019646,0.001000500250125015,-0.26672958786669315
26.14369599721195,0.7105031662942768,0.0010005002501251492,-0.26672958786669315
35.18981294373323,0.6517457517223557,0.0010005002501250328,-0.26672958786669315
13.855052697173015,1.0934061858703534,0.0010005002501250451,-0.26672958786669315
38.80650733047235,1.5647536749616835,0.0010005002501251297,-0.26672958786669315
17.762022480955046,1.8735411464401732,0.0010005002501250488,-0.26672958786669315
30.336850319063412,1.3919336550356414,0.0010005002501250293,-0.26672958786669315
23.682895858427493,0.6072903861607992,0.0010005002501251128,-0.26672958786669315
19.34194191517159,0.630699748495308,0.0010005002501250451,-0.26672958786669315
22.189885795862175,0.4551410056160704,0.0010005002501250328,-0.26672958786669315
13.239816318670643,0.5393394851088721,0.0010005002501249929,-0.26672958786669315
49.874029697610894,1.2199355953138304,0.0010005002501251466,-0.26672958786669315
26.987528417493017,1.1500836374794379,0.001000500250125031,-0.26672958786669315
32.16819999365502,0.4364696298508143,0.0010005002501250382,-0.26672958786669315
27.03183178323455,0.5032889825181672,0.0010005002501251269,-0.26672958786669315
28.551822005227606,1.9910672642307867,0.00100050025012504,-0.26672958786669315
16.27395564471087,1.4168946540257987,0.0010005002501250176,-0.26672958786669315
42.678832522246815,0.32740705128332914,0.001000500250125119,-0.26672958786669315
13.009744512505478,0.9551452236357456,0.0010005002501250273,-0.26672958786669315
47.75730670152103,0.9865603014695475,0.0010005002501250523,-0.26672958786669315
11.086279336938194,0.24906670738483216,0.0010005002501251288,-0.26672958786669315
46.672472383970344,0.8474130798653104,0.0010005002501250184,-0.26672958786669315
46.06440792626863,1.6957478291042902,0.0010005002501250488,-0.26672958786669315
26.592396828610177,1.8071867014791625,0.0010005002501250273,-0.26672958786669315
21.446152159413096,0.1587741777915982,0.0010005002501251251,-0.26672958786669315
47.458090650752396,0.4698777281605926,0.0010005002501250293,-0.26672958786669315
48.77851325052895,1.7036314336880176,0.0010005002501250488,-0.26672958786669315
11.766028350919093,0.8070934846671284,0.0010005002501251377,-0.26672958786669315
36.38374430346033,0.1798488654709297,0.0010005002501250408,-0.26672958786669315
36.889543975906335,1.2230408089305074,0.0010005002501250362,-0.26672958786669315
29.296205725834866,0.12155119123117618,0.0010005002501251225,-0.26672958786669315
12.543935902126758,1.4075930398599705,0.0010005002501250284,-0.26672958786669315
44.2245659738096,0.3735842341404013,0.0010005002501250648,-0.26672958786669315
30.740026802348876,1.5652640787733678,0.001000500250124976,-0.26672958786669315
46.6063550066835,1.2346446389132966,0.0010005002501251446,-0.26672958786669315
40.2125893171195,1.8442643122759954,0.0010005002501250176,-0.26672958786669315
31.541156895329475,1.9803782624858566,0.0010005002501250505,-0.26672958786669315
43.241877237114,0.36346373181312064,0.001000500250125175,-0.26672958786669315
37.30295338054088,1.8411036553951199,0.0010005002501250204,-0.26672958786669315
13.410550230889555,1.2142102611189662,0.0010005002501250345,-0.26672958786669315
38.33732052169043,1.582272193098444,0.001000500250125117,-0.26672958786669315
35.52159999106871,0.3281406290412896,0.0010005002501250167,-0.26672958786669315
13.396756375435302,1.7947308287171413,0.0010005002501250362,-0.26672958786669315
24.944132820786397,1.6369145423220683,0.0010005002501251446,-0.26672958786669315
14.536654986040496,0.7467939177464387,0.0010005002501250408,-0.26672958786669315
47.8155873272416,0.9781563018343007,0.0010005002501250505,-0.26672958786669315
16.577257285144782,0.8528488851955635,0.001000500250125006,-0.26672958786669315
26.141355963753014,0.13511182297991944,0.0010005002501251128,-0.26672958786669315
31.35947550361674,0.9590270475059116,0.0010005002501250451,-0.26672958786669315
11.309938872091681,0.7070981284764978,0.0010005002501250345,-0.26672958786669315
18.67733798993822,0.31374061366082884,0.001000500250125151,-0.26672958786669315
17.253212464166022,0.2922483318057238,0.0010005002501250328,-0.26672958786669315
37.853486135808225,1.408620068702886,0.001000500250125006,-0.26672958786669315
22.01139127795384,1.55688241729298,0.0010005002501251544,-0.26672958786669315
30.729756141661667,0.28145537863594106,0.001000500250125039,-0.26672958786669315
25.604866598077997,0.1778229868705719,0.0010005002501249972,-0.26672958786669315
20.45331244802236,1.6328406914546483,0.0010005002501250523,-0.26672958786669315
27.969507947695718,0.11491567748894288,0.0010005002501251305,-0.26672958786669315
19.526785021311937,1.9312359070826735,0.0010005002501250568,-0.26672958786669315
41.14259627052046,0.8086796459251684,0.001000500250125031,-0.26672958786669315
28.750403348977457,0.33717493364992246,0.001000500250125134,-0.26672958786669315
39.362462198110904,1.3085214837243075,0.0010005002501250273,-0.26672958786669315
22.55649221702337,0.19844039134049274,0.0010005002501250009,-0.26672958786669315
21.28033214236236,0.5911547660442137,0.001000500250125175,-0.26672958786669315
25.877389113630077,1.4662632601111623,0.0010005002501250273,-0.26672958786669315
42.82521210060573,1.784771047973931,0.0010005002501250026,-0.26672958786669315
44.76050427801562,1.892441126490123,0.0010005002501251767,-0.26672958786669315
10.08518662027278,1.901847460979818,0.0010005002501249848,-0.26672958786669315
31.02195858590533,1.7508071641310554,0.0010005002501250586,-0.26672958786669315
32.18461427107016,0.4666480178713367,0.0010005002501250098,-0.26672958786669315
44.4117544589671,0.9245325647029945,0.0010005002501251572,-0.26672958786669315
39.23366174337852,1.0921376587704712,0.0010005002501250167,-0.26672958786669315
10.383588374883264,0.8259729117537136,0.0010005002501250239,-0.26672958786669315
42.841010214216084,0.5985606994498406,0.0010005002501251535,-0.26672958786669315
43.94356975437165,1.2741003875717982,0.0010005002501250408,-0.26672958786669315
13.598272811322367,0.7256862391028364,0.0010005002501250256,-0.26672958786669315
36.73443756098478,1.4002463325749326,0.00100050025012512,-0.26672958786669315
33.61655878588968,1.5111810402917845,0.0010005002501250382,-0.26672958786669315
25.673295846256543,1.370089845570503,0.001000500250125055,-0.26672958786669315
15.277212968259516,1.461726727925511,0.0010005002501250221,-0.26672958786669315
34.23198613738963,1.2491754940035042,0.0010005002501251305,-0.26672958786669315
21.261122271387926,0.1529400609117749,0.0010005002501250451,-0.26672958786669315
13.657313838211591,1.8120426459948555,0.001000500250125031,-0.26672958786669315
36.99737264338664,0.5638144867395015,0.0010005002501251251,-0.26672958786669315
49.7526060947225,0.625816248016381,0.0010005002501250382,-0.26672958786669315
47.85393367848675,1.6037851767904372,0.0010005002501250184,-0.26672958786669315
44.21486162461089,0.15424757819243606,0.001000500250125158,-0.26672958786669315
27.902004403883783,1.1216022950089317,0.0010005002501250328,-0.26672958786669315
45.376998826193514,0.5262931182020801,0.0010005002501250328,-0.26672958786669315
36.07910220861697,1.7774650408961434,0.001000500250125111,-0.26672958786669315
35.728923999037036,1.9219310574733466,0.001000500250125054,-0.26672958786669315
49.02711912971421,0.2844369111839379,0.001000500250125015,-0.26672958786669315
25.989819544471622,1.2623794578517318,0.0010005002501250362,-0.26672958786669315
16.295292073028325,1.0400918050339008,0.0010005002501251438,-0.26672958786669315
45.79583761204708,0.6821131396822285,0.0010005002501250184,-0.26672958786669315
19.02719374279411,1.6141882333071638,0.0010005002501250273,-0.26672958786669315
41.7113975328154,1.1436034841558091,0.0010005002501251323,-0.26672958786669315
19.41842719953405,1.9421969170906521,0.0010005002501250354,-0.26672958786669315
37.265231637870535,0.6814460746983859,0.0010005002501250362,-0.26672958786669315
31.579154167025692,1.0319272151358045,0.0010005002501251349,-0.26672958786669315
34.56741934221277,1.2701348116343982,0.0010005002501250345,-0.26672958786669315
17.8140272357517,1.6989820603111607,0.0010005002501250328,-0.26672958786669315
34.0504146311281,1.5280340519724511,0.0010005002501250382,-0.26672958786669315
41.85760862481099,1.1606109069979638,0.0010005002501251349,-0.26672958786669315
44.58827941801694,1.1393909413540588,0.0010005002501250239,-0.26672958786669315
26.645126203373,0.6305819658587264,0.0010005002501250345,-0.26672958786669315
14.944635186349448,1.5864330762888628,0.0010005002501251394,-0.26672958786669315
34.48116444465275,0.9360199355790879,0.0010005002501250328,-0.26672958786669315
12.1320311741041,0.24751319373334021,0.001000500250125015,-0.26672958786669315
27.30677318724969,1.9346950370480136,0.001000500250125143,-0.26672958786669315
33.425533182219894,1.481547020674027,0.0010005002501250462,-0.26672958786669315
25.140978891366984,1.7398189635167811,0.0010005002501250213,-0.26672958786669315
30.05723207023668,0.8195916286010109,0.001000500250125143,-0.26672958786669315
38.58444901222287,0.986800193172603,0.0010005002501250124,-0.26672958786669315
26.839097875402445,1.785695251815228,0.001000500250125039,-0.26672958786669315
49.373914688037644,0.49967062042249355,0.001000500250125031,-0.26672958786669315
30.89634587270787,0.19052726192522734,0.001000500250125134,-0.26672958786669315
38.78039137935485,1.284611076393434,0.0010005002501250416,-0.26672958786669315
49.62636378345693,1.675902061605601,0.0010005002501250256,-0.26672958786669315
17.563307784907806,0.7399328467715992,0.0010005002501251446,-0.26672958786669315
48.004510022406876,1.5408378462221435,0.0010005002501250319,-0.26672958786669315
43.15345592150963,1.0112650879458562,0.0010005002501250115,-0.26672958786669315
31.704447461693537,0.503154758706907,0.0010005002501251403,-0.26672958786669315
46.26280065825104,1.8774763709161657,0.0010005002501250362,-0.26672958786669315
18.63198738580322,1.2820556496647986,0.0010005002501250213,-0.26672958786669315
35.48388648917581,0.38668572079764096,0.0010005002501251535,-0.26672958786669315
33.773216061315566,0.8284056670977915,0.0010005002501250167,-0.26672958786669315
37.25769984841271,0.7724203336734885,0.0010005002501250328,-0.26672958786669315
24.42563477206283,0.6312522413932535,0.0010005002501250293,-0.26672958786669315
26.033160194526932,1.858358640677074,0.0010005002501251475,-0.26672958786669315
40.06794348381664,1.4378906461309824,0.001000500250125031,-0.26672958786669315
42.02162739120503,0.2835432966738457,0.0010005002501250354,-0.26672958786669315
10.682646259191397,1.8763035621553492,0.001000500250125126,-0.26672958786669315
17.646711890540793,0.4374637236706608,0.00100050025012504,-0.26672958786669315
40.60474101530525,0.6126144518774232,0.0010005002501250213,-0.26672958786669315
44.04871880284943,1.7572777294421016,0.0010005002501251457,-0.26672958786669315
41.73516227392139,1.0265439363120863,0.0010005002501250328,-0.26672958786669315
13.744401300175117,0.22544206579366938,0.0010005002501250221,-0.26672958786669315
22.244307469647747,1.9118291846961928,0.0010005002501250328,-0.26672958786669315
46.63311088634665,1.428260700535426,0.0010005002501251446,-0.26672958786669315
36.759378234434976,1.8861769777715975,0.0010005002501250273,-0.26672958786669315
22.104461363185703,1.1046531382747877,0.0010005002501250247,-0.26672958786669315
21.237642228303464,0.2021623265965108,0.001000500250125143,-0.26672958786669315
17.821794174994498,0.25084957382543777,0.001000500250125023,-0.26672958786669315
28.495911290788897,1.6369238656810448,0.0010005002501250293,-0.26672958786669315
34.405179015301854,0.8435120232641826,0.0010005002501251446,-0.26672958786669315
37.1897983205852,0.9954604408508649,0.0010005002501250293,-0.26672958786669315
12.221728385131367,0.8603146806085333,0.0010005002501250302,-0.26672958786669315
47.16927836560536,1.9537491500569628,0.0010005002501251349,-0.26672958786669315
33.811687636470786,0.15678272383053604,0.0010005002501250408,-0.26672958786669315
31.318547405246278,1.9858368545934129,0.0010005002501250293,-0.26672958786669315
28.62269119773711,0.6448373696904807,0.0010005002501250221,-0.26672958786669315
33.72861340621021,0.41952442019350955,0.0010005002501251446,-0.26672958786669315
30.042914477218893,1.5461695400215802,0.001000500250125023,-0.26672958786669315
12.114543716617998,0.9262425070206668,0.001000500250125031,-0.26672958786669315
36.81713026050922,1.6837308680764018,0.0010005002501251386,-0.26672958786669315
18.03782843761494,1.7412612650558021,0.0010005002501250319,-0.26672958786669315
32.04113452174996,0.46885823293256446,0.0010005002501250265,-0.26672958786669315
27.73483378172361,1.8011486233152896,0.0010005002501251412,-0.26672958786669315
19.986292604754112,1.4860753671822995,0.0010005002501250328,-0.26672958786669315
16.710130567157556,0.37567462333447466,0.0010005002501250265,-0.26672958786669315
19.918091623410533,0.38709801141808386,0.0010005002501250273,-0.26672958786669315
16.384661859735115,0.7491539747827638,0.0010005002501251412,-0.26672958786669315
39.17435919709959,1.7298140551415795,0.0010005002501250302,-0.26672958786669315
25.5654725529264,0.8134773171625562,0.0010005002501250293,-0.26672958786669315
49.805303130430964,1.6512920710641221,0.0010005002501251394,-0.26672958786669315
