law_type,law_strength,law_quality,statistical_significance,universe_count
energy_conservation,0.9762807687513966,excellent,0.9757044981241013,175
E_I_symmetry,0.389852913692315,fair,0.389852913692315,175
X_stability_scaling,0.006734460248283707,fair,0.07048184244213629,175
lock_in_emergence,0.5085714285714286,good,0.5085714285714286,175
quantum_uncertainty,0.2537596239283749,excellent,0.2537596239283749,175
boltzmann_distribution,0.9462016456192697,excellent,0.9462016456192697,175
field_correlation,0.389852913692315,fair,0.389852913692315,175
geometric_scaling,4.593171079742246,good,0.45931710797422454,175
information_conservation,0.8222538030087497,fair,0.7838304957169546,175
